V1,V2,V3,V4,V5,Class
-1.3598071336738,-0.0727811733098497,2.53634673796914,1.37815522427443,-0.338320769942518,0
1.19185711131486,0.26615071205963,0.16648011335321,0.448154078460911,0.0600176492822243,0
-1.35835406159823,-1.34016307473609,1.77320934263119,0.379779593034328,-0.503198133318193,0
-0.966271711572087,-0.185226008082898,1.79299333957872,-0.863291275036453,-0.0103088796030823,0
-1.15823309349523,0.877736754848451,1.548717846511,0.403033933955121,-0.407193377311653,0
-0.425965884412454,0.960523044882985,1.14110934232219,-0.168252079760302,0.42098688077219,0
1.22965763450793,0.141003507049326,0.0453707735899449,1.20261273673594,0.191880988597645,0
-0.644269442348146,1.41796354547385,1.0743803763556,-0.492199018495015,0.948934094764157,0
-0.89428608220282,0.286157196276544,-0.113192212729871,-0.271526130088604,2.6695986595986,0
-0.33826175242575,1.11959337641566,1.04436655157316,-0.222187276738296,0.49936080649727,0
1.44904378114715,-1.17633882535966,0.913859832832795,-1.37566665499943,-1.97138316545323,0
0.38497821518095,0.616109459176472,-0.874299702595052,-0.0940186259679115,2.92458437838817,0
1.249998742053,-1.22163680921816,0.383930151282291,-1.23489868766892,-1.48541947377961,0
1.0693735878819,0.287722129331455,0.828612726634281,2.71252042961718,-0.178398016248009,0
-2.7918547659339,-0.327770756658658,1.64175016056605,1.76747274389883,-0.136588446465306,0
-0.752417042956605,0.345485415344747,2.05732291276727,-1.46864329840046,-1.1583936804082,0
1.10321543528383,-0.0402962145973447,1.2673320885949,1.28909146962552,-0.735997163604068,0
-0.436905071360625,0.918966212909322,0.92459077438817,-0.727219053596792,0.915678718106307,0
-5.40125766315825,-5.45014783420644,1.18630463143652,1.73623880012095,3.04910587764025,0
1.4929359769862,-1.02934573189487,0.45479473374366,-1.43802587991702,-1.55543410136344,0
0.694884775607337,-1.36181910308009,1.02922103956032,0.834159299216716,-1.19120879445965,0
0.962496069914852,0.32846102605212,-0.17147905415064,2.10920406774016,1.12956557126894,0
1.16661638244228,0.502120087854101,-0.0673003143663533,2.26156923949128,0.428804194630708,0
0.247491127783665,0.277665627353681,1.18547084217971,-0.0926025498576041,-1.31439397897076,0
-1.94652513121534,-0.0449005054418194,-0.405570068378956,-1.01305733702394,2.94196769950545,0
-2.0742946722629,-0.121481799450951,1.32202063048967,0.410007514171835,0.295197545759436,0
1.17328461017079,0.353497876646456,0.28390506526532,1.1335633178795,-0.172577181842493,0
1.32270726911234,-0.17404083293642,0.434555031250987,0.576037652384661,-0.836758045983797,0
-0.414288810090829,0.905437322625407,1.72745294417921,1.47347126657189,0.0074427411732298,0
1.05938711501788,-0.175319186719244,1.26612964251002,1.18610995469348,-0.786001752758539,0
1.23742903021294,0.0610425841868962,0.380525879794222,0.761564111432371,-0.359770710369787,0
1.11400859541157,0.0855460896870318,0.493702487395368,1.33575998514475,-0.300188550950467,0
-0.529912284186556,0.873891581460326,1.34724732930113,0.145456676582257,0.414208858362661,0
-0.529912284186556,0.873891581460326,1.34724732930113,0.145456676582257,0.414208858362661,0
-0.53538776309446,0.865267807575272,1.35107628772237,0.14757547449791,0.433680212077009,0
-0.53538776309446,0.865267807575272,1.35107628772237,0.14757547449791,0.433680212077009,0
-0.246045948703835,0.47326690335701,1.69573755374059,0.262411487973117,-0.0108664136529745,0
-1.45218727859439,1.76512373913739,0.611668540757038,1.17682498424561,-0.445979892057813,0
0.996369531566045,-0.12258878723806,0.546819472613086,0.706579541087689,0.134559557409452,0
1.11088034163339,0.168716770722767,0.517143960377807,1.32540691997371,-0.191573353787583,0
1.24905471963177,-0.624727077037783,-0.710588903536079,-0.991600360912692,1.42997319213398,0
-2.00887179458613,2.19852650316899,0.144241739942708,1.15943226211997,-0.815174287845416,0
-0.607877142993026,1.03134507783793,1.74044973731533,1.23210555042311,0.418592260222944,0
-0.935731508971261,0.170415774156885,2.74626126916024,-1.07796491232198,-0.305594036012037,0
-0.762255665726893,0.127767751953647,2.65005638571315,-1.87566277123804,-0.893356398126455,0
1.13831556625444,0.0569559699973862,0.649418964599217,0.873062040924213,-0.468466330715866,0
-0.291540244596543,0.445575313725742,1.2497521162384,-1.73573588991416,0.0857555587180682,0
0.201685891430752,0.497483215432781,1.3739125741005,0.571405317647578,-0.630657750142243,0
1.38639697419213,-0.794209465382612,0.778224190591254,-0.864708433897642,-1.06413227965342,0
-1.06323567874519,1.41819062554828,1.08667286312649,1.24143960031209,0.0023061261107108,0
1.19935593362078,0.129953154513887,0.863584970776281,1.00263476869323,-0.783761014593659,0
-1.00492933857661,-0.985977681437715,-0.0380388289597724,3.71006135915003,-6.63195083213121,0
-1.16942245796433,1.15831387032695,1.40679953629777,0.860188897348956,-0.103809888790759,0
1.09552460629831,-0.116085345733392,1.39791191546724,1.49754690019101,-1.0491239994212,0
1.29566762073068,0.341483451353791,0.0815051987484797,0.566746069705835,-0.110458773277264,0
0.158331782301759,0.872687435246972,0.965524582020175,1.80212716128867,0.139021981009842,0
-0.554064564931988,0.215728297966379,0.84426462904462,-0.753067316254495,0.0348484695858477,0
-1.33088157532471,0.26754022707339,-0.168469573562158,-0.701232147988771,3.28197152637576,0
1.11069200372208,0.0819419013829698,0.406063037313593,1.29074038305994,-0.169813148258441,0
1.15431211678574,0.265462317325236,0.384870524075104,0.575007040189308,-0.217475464731052,0
0.986063325558912,-0.202964586766765,-0.492768147356141,0.407691274714408,0.305660256237429,0
1.1387593359078,-1.19295282747355,1.40713083554771,-0.330070103385594,-2.06950346000893,0
1.14552438734553,0.575067968122658,0.194008459987088,2.59819174498796,-0.0922100226629796,0
-0.249361327961551,0.399227372862504,0.068009333708328,-1.06061882632292,2.41039917069756,0
-0.522666281326226,1.00992300182961,0.276469594612311,1.47528945859934,-0.707012562987729,0
-0.899992449383227,0.136254782203579,1.88366470990807,-0.208996095601994,1.05144062021155,0
-0.7147640190509,0.514968588809346,1.82167562698994,0.616433633112349,0.848775614560403,0
-0.948896382774995,0.248413620091971,2.956914245378,2.81374999056136,0.145538801826429,0
0.92706024886951,-0.323683971710722,0.387584831023695,0.544473988630298,0.246787394713325,0
-1.92321320363186,-0.870482324116727,2.32016962893044,1.98877580146727,0.417090785024797,0
1.00658858258061,-0.0711053573592864,0.347613710129268,1.32968404626518,-0.193239540558001,0
-0.378244634508222,0.732925473144789,-0.12015421084374,0.18575507207311,2.59426949152718,0
1.19783859904952,0.236827617702066,0.509605001633564,0.657658659875326,-0.365487846531556,0
-0.580628965016257,0.482683933097182,1.33312308028373,-0.253080022676203,-0.0284689398233383,0
-1.79340624422786,1.85460399082838,0.979513976644481,1.11226152645262,-0.206402962131258,0
1.09860834614642,0.202423563829101,0.525455971945753,1.32343627201394,-0.130486421204476,0
-0.549626144798035,0.418949153525597,1.72983325235597,0.203065373845713,-0.187012387610491,0
0.921543679723553,-0.0670837542257563,0.0774610275787093,0.953638217022313,0.0674124629108227,0
-0.571520749961747,1.07160044939815,1.28011024961142,0.542780003052458,0.574438986516567,0
-0.671708547741052,0.59450259438803,0.216415943954576,-0.867310638854276,2.96690830110092,0
1.25987313565004,0.25423957645842,0.51478862825195,0.620924297433486,-0.475930098771269,0
1.14736892702922,0.0590346445535856,0.263632341401774,1.21102345823936,-0.0440955788263387,0
-3.00523672241459,2.60013820219461,1.48369073726212,-2.41847295513682,0.306326406574465,0
-1.19896767411718,-1.47410047094211,1.8403259873066,-4.51582435488105,0.327567428246331,0
1.20239832807905,0.321711386607054,0.281210894488001,0.643688582463962,-0.148668596204498,0
-4.57509260816239,-4.42918377474876,3.40258500379828,0.903914679904333,3.00222377368078,0
-0.773450000458189,0.85311249436819,0.818253541761677,-0.236070161217933,0.803462538724049,0
-0.847998365598453,1.04345933028073,1.26736889218816,1.13552949012637,0.0213621025987426,0
0.0869961905163749,-0.0519887420255876,-0.497882441560081,-3.1519078565141,2.5584003623555,0
-0.773292609110981,-4.1460072502577,-0.932037567076045,0.0270936838890165,-1.69830732179181,0
0.921024018835922,-0.16244686110781,-0.0943313673869069,0.474083926327042,-0.0214859605972665,0
1.06914138489519,0.0437859251672304,0.309867290850673,1.31669399295505,-0.462393623949898,0
1.10702937694843,0.216441000371351,0.538378149708233,1.47639799266774,-0.251941920499494,0
-1.03510581776689,0.996013127817514,2.19247013559677,-0.170445302779918,-0.302319738525738,0
1.21251089095254,-0.0990542956039435,-1.19209409463426,0.286323561509755,2.16051625183209,0
-0.658304934095684,0.40679056737153,2.03746063876455,-0.291297974417195,0.147909808593845,0
0.95960165851223,0.370711304613933,0.888613370045565,2.34324410302247,0.352490841084755,0
-0.653444627294995,0.160225076852038,1.59225555524082,1.29683228357565,0.997174923623236,0
-1.49466784074271,0.837241399963629,2.62821061790607,3.14541437889465,-0.609098388854424,0
1.23299646466342,0.189453733510593,0.491040320659271,0.63367266144682,-0.511574423739396,0
1.15693906521199,0.0372151171834976,0.556799036120114,0.519506543569017,-0.47975387242074,0
-0.770196382647988,0.483572416412024,1.90107177893088,-0.0018762501161885,0.0242447851356973,0
0.298503170230964,2.14272151611193,-1.54214297177705,1.56133190619696,0.938108024652659,0
-0.608026929841982,0.306693600885717,1.47300415039613,1.19112724714544,0.0212646712723958,0
-1.76664469899536,2.35298430630811,-0.0099551597136565,-0.363735715844203,1.4609525055027,0
-2.22064182690618,1.02918071808636,-0.697723601958822,-1.26822646644294,2.80222102796582,0
-0.426071693865111,-0.0603037695141019,2.22082820260962,0.0247417821484201,-0.58496399731695,0
1.33189715687662,-0.579961843235092,0.422605531843814,-0.897751526178555,-0.746254209764005,0
1.16228088374727,1.24817824998197,-1.58131714797693,1.47502419364829,1.13835705875831,0
1.23904805325795,0.29328441686901,0.0864719604369463,1.17827736420567,0.37334385083594,0
0.925996612578014,-0.358098896126416,1.37672152778927,1.90076881354586,-1.05768986264753,0
1.14818692615291,0.0858370715501502,0.120702061970257,1.12666455368909,0.214710570305157,0
1.03837033396612,0.12748612730368,0.18445588803405,1.10994979091674,0.441698900420171,0
1.03837033396612,0.12748612730368,0.18445588803405,1.10994979091674,0.441698900420171,0
1.03837033396612,0.12748612730368,0.18445588803405,1.10994979091674,0.441698900420171,0
1.03837033396612,0.12748612730368,0.18445588803405,1.10994979091674,0.441698900420171,0
-1.43906881704731,0.267631399445821,3.56277034049108,3.48148583392013,-1.1601005341638,0
-1.02457604912536,0.522289105931154,1.78769907399403,0.202672107073665,-1.14080286639391,0
-0.997175759175411,0.2283653016759,1.71533993769907,-0.42006676656004,0.56083784473761,0
-1.16572174717741,1.48533681091152,0.156418074918382,0.924378329573438,0.131745604012462,0
-1.18595403044578,-0.218808439910428,1.10100483146725,-1.40699712828903,1.26178320386987,0
-0.42719085439784,0.745708409289759,1.76181102473866,-0.165130478701306,0.0582976883227524,0
-0.622478371733696,0.0148813952719626,1.05248873604011,-1.6445738274654,-0.538265319440916,0
-0.291241163405236,1.51568849878895,1.51435489428021,2.51836461481739,0.583647740089913,0
-1.76040248125239,0.221924152797281,0.57994989780958,-1.41319409165479,0.804876248697532,0
-0.590589253571079,0.235248304183249,2.35492150939363,-2.21993601726527,-0.246820701523933,0
-2.37438030624993,0.597145269577766,0.0366560996574179,-1.40698909422268,0.299692029834596,0
-0.655264276212716,0.409898542836853,1.28915643808596,-0.32504325923176,0.545669467098008,0
-3.00773905109524,0.929514494266081,-0.423720855498033,-1.39295162017078,0.0822467824081475,0
1.11104797028704,0.215351844382971,0.374072563622289,1.1500006534852,-0.329767568535767,0
-3.59182616090439,1.34837036791844,-0.998492354064664,-1.40236175415607,-0.596711512934507,0
-0.888004365805212,0.913669851642722,1.14608803782799,0.656290498891864,0.67727230453414,0
-1.86498968243287,0.910873768593301,1.72486278713229,-1.74837114894121,0.578942616730539,0
-0.833200336381452,0.778787122616319,2.61923666366883,2.61286412878045,-0.516937610025172,0
-1.89733073855531,0.955626146271076,0.0525426306777817,1.27665558961053,-3.32308406359081,0
1.11927230446687,-0.669639046767739,0.80380737194635,-0.651693123040955,-1.39566597769256,0
-0.792329167474935,-0.840663719847906,2.61046458987018,-2.19633841632446,-0.396962094542518,0
-0.481375994326719,1.00340670082876,0.90618366899059,-0.423863928247347,0.760670627923092,0
1.32788388574198,-0.735011945987154,1.50244913387839,-0.544104679859167,-1.90935048161166,0
-4.25759743970886,1.64948916578024,-1.59124167172606,-1.37431677103176,-1.18013599176406,0
-5.10187714438251,1.89702180383666,-3.45803355505567,-1.27754276611629,-5.51775792247239,0
1.28722646741254,-0.824683124445629,1.34642285100624,-0.525627995561867,-1.83300721378836,0
0.270724788018374,-1.61531675793543,1.05498208933769,1.66150992680822,-1.73768723327398,0
-0.58985594431031,0.933069872085511,-0.268072620732792,0.125244627239472,2.39699176873031,0
1.27613378318593,0.211469551986265,0.143000512396923,0.370050108552843,0.154747757298249,0
-1.8222727282391,1.2353355360103,-0.307804336520275,-1.82182380601887,2.76248234950213,0
-5.28597051304752,4.84732319710781,-1.29036838470117,-1.42784235292307,-0.621533345889751,0
0.60715301412013,-0.957413453834804,0.761504742707707,1.59005044874457,-1.17729790317762,0
-0.238410956047651,0.509262765356428,1.95200070367158,0.779065947843994,-0.378940129678235,0
-0.853806863875249,0.127391777442852,1.2672771847863,0.678584065122573,-1.02985062070327,0
-1.64001427310525,-0.479831345687393,1.6136303238364,2.99797900171977,-3.80378772076623,0
1.05702132888882,-0.646955978097134,0.729166618803734,-0.569262361965939,-1.1743066741568,0
-0.343711497676269,1.1186146192938,1.29338582325726,0.0647623026512558,0.0234806934657139,0
1.31617764954493,-0.10559397597174,-0.246480374444475,-1.18571467546077,-0.119566416811247,0
1.19557161849305,0.258857846103526,0.635796445589976,0.641257360106036,-0.395081077830257,0
1.27381789287239,0.0580090544630036,-1.31242763447362,-0.0489688219755029,2.2443730490817,0
-0.646513324100542,1.00419850064253,1.61622395046255,-0.0996280015000763,-0.12247685082686,0
1.02711436915778,-1.2725428662228,0.673656443011109,-0.747435800812143,-1.2991070607699,0
-0.883995649772828,-0.150764822957996,2.29179072147755,-0.263452268327782,-0.814535284284635,0
1.08103308286119,-0.256543414077899,0.426971282518349,0.918113221801196,-0.74608890807817,0
-0.378601661083143,0.274578968122152,-0.129487731899236,-2.68279898796446,-0.731374622729684,0
-1.40900945232726,0.56349250557035,3.350717448401,-0.436893036215523,-1.12346735730314,0
-0.94089283998755,1.07415476403598,1.75939808911823,-0.601445606762116,0.101693491307097,0
1.24574380820264,0.438877833136776,0.316139712119964,1.10763386163901,-0.178446390914408,0
-6.09324780457494,-12.1142127363483,-5.69497318304808,3.29438945633196,-1.41379209198987,0
1.00023398953512,-0.295227309545877,1.30825945328411,1.25775331219882,-0.967532356635927,0
1.17509409290025,0.408263222486937,0.552145162552809,1.25506774352009,-0.196661846641246,0
-0.306311185528508,0.991271929056655,1.41449133035288,0.85524364437367,0.334283708948629,0
1.17512477712478,0.661341182443299,-0.477476459726092,1.10254155929068,0.543328123510814,0
-0.817164489969121,0.548007876102878,1.98742900112693,2.3476202744003,0.0368877421359418,0
1.20606523917482,-0.124884657032952,0.118939145289695,0.0237349897103378,-0.549086910063904,0
-1.2768303373631,-0.903556664358583,1.47710493531168,-2.58262635143846,0.635981274978341,0
-0.59193265098725,0.111272818723084,0.69912564705995,-1.53607403341752,1.19320773057234,0
-0.820860221930224,1.02256699049175,1.99656036169915,1.18014079298997,0.23246391182995,0
-4.81602179918938,-3.34506105842244,0.566005641861995,3.96056779589727,-2.4954000253269,0
1.10269785705561,0.103965142709557,0.934478733719531,1.15270351530252,-0.693597247497202,0
1.14755385606263,0.543491090615494,0.504579173142876,2.5179299142237,-0.123554818225441,0
1.19406627067496,-0.072582233439266,0.635285625865597,0.768616205616507,-0.735584338368551,0
-0.284446201887147,1.0690989466605,0.930510616129449,-0.129010287466975,0.387819105384943,0
-0.182928163161652,-0.920683415484178,1.81875831513141,-2.45093615945924,-1.24755972085261,0
0.8056818038147,-0.220451375216265,2.37130972175031,4.07581730324907,-0.844073264503395,0
-1.01026659690107,-0.540014019039508,2.51862434429332,-2.27014885126383,-0.157362429773142,0
1.25491350721112,0.350287347439663,0.30248778547837,0.693114453986653,-0.371469881215923,0
1.4310534091187,-0.648101141301022,-0.331663900979847,-1.20738260249738,-0.0127859430121093,0
-0.868565326449855,0.684978078336131,2.01374517722389,0.126390269388944,-0.493158040741219,0
-0.50572836193902,0.666300359810047,1.08099302025217,-0.447630349439539,1.03948959591621,0
0.968783928886267,-0.501798126380266,-1.33355848618811,0.388804289603352,2.0360913833929,0
-0.614586106416274,0.975396461893104,1.68902690777887,-0.17048342188849,-0.152019577578755,0
1.10525345275619,0.541842001729437,0.839421414901255,2.57093270635808,-0.279517366538074,0
-1.71093476786515,-1.36679871176469,2.21731067303236,0.404714451353583,-0.114375223536607,0
-2.80706450646631,1.1830983245702,2.97477937473861,2.8014770726566,-0.475110200983206,0
0.853907974081155,-0.527163872834034,0.823846174697146,1.23522372952465,-0.64236996447791,0
-0.724910391642523,0.0734750176711627,1.73954661459737,0.758588063252967,0.229542569769155,0
1.35648932304895,-0.221355460517048,-1.23699561807904,-1.24683511748896,1.90780883583884,0
-0.549716076351302,0.90766515227958,1.59794892989637,1.298977800598,0.587993400450587,0
1.23949480822237,-0.182609247906561,0.155058295671085,-0.928892143565272,-0.746226570194207,0
-0.485237731354587,0.658496593931675,1.9499666216818,1.249694748113,0.426410290454178,0
1.35328308643535,-0.69489997857583,0.970826106863837,-0.426559486874908,-1.41726332965319,0
-1.00739058275579,1.26194331919926,1.20720274351755,1.3075749266587,0.153211415554951,0
-0.394815704179131,1.05441829737983,1.20636127062336,-0.289232389914903,0.610283923861161,0
-1.57135931118663,1.68750802712553,0.734670437858068,1.29334959714667,-0.21753166347078,0
0.709335677767676,-0.0116791551225081,-0.530212954758486,0.236330632208106,1.61174986204676,0
1.10176244239434,-0.119018463304873,1.13915027454676,1.84496121166558,-0.817909155917367,0
1.20720732422405,0.241318029071441,0.258744960667355,0.65333494001419,-0.256425758843426,0
-0.541889409867868,0.907744834353959,0.941841930881673,0.993747888232129,0.844723948034434,0
-0.568284747585613,1.1950945447569,0.69474149656075,-0.626095126347654,1.17108401930435,0
0.753307852006014,-1.13159325678345,0.878730366275302,0.297870795702318,-1.32725016090081,0
-0.986639536232516,0.0546197737557083,0.892189389775173,1.23854630109675,1.15394920240734,0
0.951278275520493,-0.657729594475177,1.70188353276801,1.80966728327767,-1.36016210898805,0
1.17547797784407,0.167881282807954,0.509908524918345,0.452332377841821,-0.215763033012374,0
-4.63653366354065,-5.93171744106428,-0.227301246245913,-2.73727134622764,7.67254396636689,0
-3.22274501100038,-1.9327757044757,2.92324182826304,0.143573530852847,0.948116816542208,0
0.693502988755359,-1.13423202306023,0.782844001763087,-0.592996394903141,-1.42180256489166,0
1.00794705665789,-1.2894923511636,0.666740850795644,-0.741321189390243,-1.29052345114356,0
1.18045800237621,0.334266980447773,0.395177877384029,1.19075319681934,-0.0921576275482695,0
1.21140602376378,0.0078497561978632,0.950798394868363,1.13764647804185,-0.495189278904212,0
1.28825562199891,0.0858275844544001,-1.17948214164469,0.0643570502186072,2.19522544450848,0
-2.14345753168918,2.10782615798639,0.213151875762876,1.28221656812522,-0.732558393859669,0
-1.03293991549335,0.680608051789549,1.40255012497922,-0.529928017757242,0.869578141766111,0
1.12257864240305,0.222573144325507,0.481927939115664,1.13137537534155,-0.214947188900476,0
-2.42041282408364,1.94788538506719,0.553646042950925,0.983068885733748,-0.281518066165018,0
-2.42041282408364,1.94788538506719,0.553646042950925,0.983068885733748,-0.281518066165018,0
-2.4194856262823,1.94934570375711,0.552997660975705,0.982710096155354,-0.284815274803146,0
-2.4194856262823,1.94934570375711,0.552997660975705,0.982710096155354,-0.284815274803146,0
0.912979151045631,-0.652999554539752,0.298165152865105,0.209546164241634,-0.197230543833338,0
-2.68797796870046,4.39023019933876,-2.36048306060258,0.360829161863292,1.31019221121188,0
-0.399879706933424,1.05196578765937,1.39080202251374,0.093131864909547,-0.0076993568462707,0
0.0954900228456742,-2.557694205114,-1.13405485634425,-0.435770469930088,0.728493415067183,0
-0.648576025602736,0.740564583155935,1.80038149983596,0.140825683642703,0.050646442021392,0
-0.903628224068223,-0.23336259768981,2.58086353129083,-0.990572326575126,-0.397920254595172,0
1.19084416700527,-0.608426894343412,0.0690965208551847,-0.493509204551459,-0.944774743830847,0
1.31560130547239,0.413148285003167,-0.0189531040851057,0.48783438371437,0.132330692106168,0
-0.546215294972356,0.878083882293216,1.52317638764495,-0.242853436970477,0.323931242461113,0
1.1719535217444,0.31121325223846,0.313605077628952,0.519230420464062,-0.0580321109614955,0
0.714401041887493,-0.493905247379715,1.2694845591686,3.01149410625398,-0.8012158749352,0
-3.49486085637009,-2.89444973245688,1.63798883925287,-0.274975575422441,-0.389202932990922,0
1.32529522842754,-1.13867806622782,1.2762656356343,-0.207920237677185,-1.64208786439636,0
-0.600816388115364,0.922454525911535,-0.135951820418704,-1.25991483910974,2.43982440634166,0
-0.159985036673326,-0.611632858229461,2.08141930157426,-1.0481284532518,-1.08345577175002,0
1.1714389026217,0.474973975583183,0.0117607181797781,1.2643025050102,0.116234124537714,0
-1.55148161076975,-1.05334603401611,0.762805728969769,1.33512906135323,-2.58552304030301,0
1.03996431285983,-0.53435530995218,1.86519028589769,1.14512180476396,-1.48813290217244,0
1.21205680491093,0.246405410931148,0.309165987963331,0.584744387260993,-0.381581347457112,0
-0.433211486483386,1.02083512456957,2.01973019800995,3.00326068044986,0.0313076564172956,0
0.0734967056887614,0.551032960259225,0.451890424146736,0.114963844424433,0.822946500531498,0
1.32177832458389,0.658048334909082,-0.793312359445155,0.429647454409031,0.417966106211182,0
-0.827464822569393,1.2485696780494,1.02382611273013,0.618081105427849,0.19109373181254,0
-1.32906236984437,1.95588981197388,1.11827516422729,2.31843190169554,1.58253723192548,0
1.27496709005001,-0.77878335227247,1.16245268542957,-0.180424614010938,-1.53263119934861,0
-4.06686227118254,-5.08121516166371,-0.11690781000852,-1.31282927269338,2.68876224616788,0
-0.36553173374041,1.00693184486761,1.10830366795943,-0.428693695108919,0.590512808184153,0
-0.957819798032566,0.247979462912852,3.77285685226266,3.31138504647662,-1.30542724637226,0
-1.42853496087881,1.79357777814503,0.545758238752692,-0.399309006814974,0.673576896820109,0
1.26469866632806,0.168285518448668,-0.275340023525956,0.220631300601037,0.459215303173808,0
-0.431091691864319,0.890751790096124,1.72054284650876,-0.238246455182136,0.273262886790457,0
-0.782666195196938,1.01798650185743,1.50585132973181,0.920904617400178,0.758765089674519,0
1.29403278460023,-0.762808543037382,0.111245009264182,-0.535421072559916,-1.1343960069298,0
-0.723637212116882,0.154495650156384,1.26316333895498,0.964978490669645,-0.0271696549211725,0
1.13675205349017,-0.103769566563379,0.904686443617774,0.488210755231466,-0.678523514606376,0
0.726749303819795,-0.528042417503892,0.0503655151688558,1.37362146854801,-0.124121987339607,0
-0.598071289304104,1.26413654605302,1.41032604626532,1.69517498097116,0.391727694452607,0
1.1992776677352,0.365737836066884,0.428155251218197,0.617732706954643,-0.34260966917168,0
-0.143256002557238,0.743648517894901,1.53407220650256,1.06217009444433,0.208186779585111,0
-0.24130170318649,1.08931147158171,0.70398882483963,-0.265987043588385,0.692897788072936,0
0.0660607724103991,0.876263400106492,1.09399296779106,1.55615051603286,-0.0723181296209833,0
1.16843338889501,0.319977589151556,0.589693417993741,1.04477398228923,-0.376941822096438,0
-1.5057791635308,-0.215325117259078,1.99129427646285,-1.63149338451985,-0.635965146821198,0
-0.913599728792569,0.16226210632905,0.541428518868637,-1.93179872549377,0.235401733530045,0
0.0757496976674046,1.0269856842349,0.834890510267756,1.20891253696839,0.107553957289102,0
0.80384592083057,-0.571718051824685,1.04809269513128,1.1676766743328,-0.70229191680914,0
-0.549414252248888,0.676860674262272,2.15194997605339,1.01452299199251,-0.62001180219058,0
-0.351286911319442,1.18375355867871,0.530794296283593,0.543891399497641,0.798441455110085,0
-0.922515163569518,0.841576789866707,2.07800001434311,1.37307134454847,0.666526104133339,0
-1.13151717857972,1.01639866937831,0.735810424808674,1.16661377281988,0.790236399604177,0
-0.773295861622834,-0.190661402386917,2.40494626076765,-1.79988075414783,-0.396516457943764,0
-0.931154307391249,0.825889109558541,0.168007968161518,-0.0772116893811632,2.96645184654341,0
-0.278287824772175,0.866213738492535,-0.300620201300078,-1.11734547852151,2.54224193802969,0
1.19865849537628,-0.420333822439695,0.0145991576913241,-0.270792868157849,-0.471074009012534,0
-0.923891760950516,0.568852441669226,1.24423599938305,-0.597472514285987,1.08489697730053,0
1.02926861988186,-0.516292307231105,1.29178533906443,0.364676364221689,-1.27846337876659,0
1.18770633373201,-0.141019354828208,0.563458521797918,0.76638258477444,0.151071026045509,0
-0.304922925009803,-0.521387699016404,1.34118051421572,-0.255797283141015,-1.1209159264394,0
-1.2694612985858,-1.02715254903322,2.26137299926851,-0.504356013518014,0.693421365367188,0
0.860652097177395,-0.247375223628961,0.75408223493239,1.18549170721227,-0.486174311985842,0
-0.938225555281122,0.104717343525996,1.30964170151788,-0.867536532547002,0.45068525571859,0
-0.188423950358007,0.877601830191909,-0.734685909616468,-0.913403699923592,1.94177035140798,0
1.18239888187218,0.0594886883256737,0.310672611689593,0.828817334970969,0.341209077754672,0
-1.4997610740042,1.05958804684433,0.49691235306637,1.00606923707578,-0.672949231338245,0
-1.42715155908329,-0.527766418795342,2.46015327181375,-2.80748189093713,-0.457111342393143,0
-0.370562536427162,0.599809964742777,0.216683001924491,-0.513092692514376,2.69714255452095,0
-5.85246510836535,5.26737615027487,-1.76189493465506,-1.44125006329158,-0.988528967699792,0
-0.742877145631453,0.563251742882704,1.20724326284771,0.912388003754464,1.05379070530765,0
1.22850116135076,0.0918704732345868,-0.268384945213211,0.748905031032806,0.449026679922148,0
-0.572010633445768,0.374980871055565,0.923823032724171,-0.954005872315245,0.753635444187849,0
-0.429224487181263,0.698849365672091,1.5889824279367,1.29715659373287,0.119330665982804,0
1.29392704695816,0.338070714110131,-0.0427587246360097,0.502133796313512,0.0722825828180781,0
0.263523486017542,-1.81289680597099,-0.31108676189887,0.412929593880618,-0.79460539681474,0
-0.24782697327908,-0.282682109553483,1.6533542148054,-1.0148646351895,-0.680433315730692,0
-0.263380494288141,0.959102736933564,0.285739874425819,0.604067510744514,3.22881956062411,0
1.0877916547761,-0.143548187514716,1.37429101690866,1.28739919006535,-1.10064225986057,0
-2.42122994075349,-1.36960212708226,2.26128149099244,2.01103383004119,1.87852522705738,0
-0.391724600264259,1.10635499488511,0.787765450694913,0.510525487854581,0.832968318842617,0
-1.04566850139391,0.485509650946038,1.56923231863376,0.160929385360292,0.862461840996874,0
1.20198934260699,-0.0344517882545193,0.696627869490866,0.956745643561854,-0.0058266672890607,0
-0.592060069858075,0.785903888947481,2.80651730661522,2.93546590391699,-0.356682167459869,0
1.21911209726618,0.0536941340207379,-0.180320730107154,0.680940921688913,0.521583984662729,0
-0.34287127670878,-0.199545805008564,1.97635257764019,-0.0034949338203726,-1.17036559948334,0
-1.17773139753265,0.318500555804924,1.72712263895157,-0.549578483742427,0.737291972900023,0
-0.352704348425182,0.975517478886309,1.60336451529691,-0.282474918967978,0.480561447009192,0
1.08697116347518,0.0451223219759884,0.475774394586216,1.34424417785259,-0.302640742896004,0
-0.443640309580642,0.981192772499014,1.23439717275952,0.0994971665273315,-0.0512697916333352,0
1.08102680841932,-0.139454510365646,0.483881152250378,0.642056748018345,-0.186845482030945,0
1.47877285286563,-0.551088522355567,-0.523151639908141,-0.831153455602318,-0.195412843469002,0
-0.60883073513444,0.876837021150348,2.49571533671387,3.13867428543393,0.161264310620481,0
-1.46538099225754,1.38217168365118,1.01978991832264,0.250367121138966,1.01141447424702,0
1.12059926346433,-0.313307918184643,0.395308800387746,0.596755719763881,-0.420411586607594,0
1.10576757085675,0.333011980941444,0.184148098947141,1.27694823798754,-0.0781184349862276,0
-0.420269748024928,0.814760402388282,1.51324239348253,1.29278209731907,0.138053047228038,0
-0.961507377354571,0.743351361842785,1.17358181292847,-0.222593448626951,0.740528101159323,0
0.28309984963423,0.819283967174175,1.0543088300552,0.348488288808038,-0.156816751183811,0
-0.602482640725502,0.479088624740384,0.54975037930095,-1.06981429428812,-0.501686510624379,0
-0.663511067150586,-0.0444432255338869,1.02925331506786,-2.49807231003764,-1.35008455718738,0
-1.16908654272192,1.09629245760701,0.669688006530676,1.05253443536845,0.422465153100944,0
-0.438337379138369,1.02836375116174,1.45550171815742,-0.230274701978115,0.198899418065137,0
1.2602478379457,-0.0201719235487522,-1.16438653982057,0.266251440463521,2.18488640480556,0
-0.473290464047342,0.479627277019437,1.52853785871687,-0.0981850593485606,-0.0055200215718032,0
-0.992403869252745,1.62659146042882,0.960247699268229,0.0919986776497178,-0.237962949373087,0
1.16752665064507,-0.318288402459783,0.502463956274064,0.0339040538689639,-0.584284751589151,0
-1.14232093108918,0.626404913442672,2.52691695277591,2.82797270628491,0.619263138091294,0
-2.39844587044795,2.02296054871674,1.62846170470358,-0.540476996351326,-0.512595924447318,0
-0.849347742302973,1.01950772295056,1.51723621733387,0.57946759897422,0.539186512026745,0
1.18157196871777,0.241407903118498,0.0245369239675879,0.885832028186504,-0.121471370855092,0
-0.398935074654529,0.94195326776366,1.35928845303101,0.0134901030401388,-0.191939978339293,0
-1.11894551099344,-0.0713662212566137,2.80776898008454,1.02567540015708,-0.100748062728395,0
-1.07704591768768,2.14091581317184,1.15288375613607,2.4588338997684,0.57657237259167,0
1.31125848597963,0.0750277698378955,-1.29283240438097,-0.483154333322344,2.13925691147085,0
-1.06919985264781,1.23996334846648,0.545157121948106,1.00535398159168,-0.0256955821013292,0
-0.68576979154299,0.554019231492311,2.01482947932892,-0.5610327579473,0.683347066298419,0
-0.216866830573623,0.90089621784561,1.50285027705901,0.812492450529322,0.193952498147092,0
-0.788406123131655,1.12517228396282,0.934213099563731,1.15581532464419,-0.0285177249827795,0
-1.33737490769388,1.10939119758766,1.39622251980175,0.0387177339247828,0.520267383833693,0
1.20663783361344,0.14334482860189,-0.131755553409093,0.902486188743593,0.219547240259409,0
1.07181268393766,-0.249927203030099,0.189825005451663,0.191108919623515,-0.615778945072287,0
-0.238642948851198,-0.146691283633797,0.829323343140644,-1.77673943782121,-0.0800483407076287,0
-2.39543391284319,-1.54536913635857,1.91939120009215,1.06251356785515,-0.627806201546894,0
-1.37724532894464,0.714822533856904,2.50751276562751,0.865082433824238,-0.29048918108122,0
-0.471795900501931,0.523168690774356,1.94896693085401,0.995503205917754,0.379068802662594,0
-0.599318040806814,0.887524820087883,1.57921401956658,-0.113727895607507,0.304991227336505,0
1.13093276051983,0.178069338865416,0.533439523987043,1.47895526171719,-0.342933188941055,0
-0.942940340772634,0.206074135542738,1.62599203301814,1.1083915715611,0.875837899922657,0
1.09506741758645,-0.014392711873676,1.4085521053371,1.26654595497494,-0.944750548960972,0
-1.56948528932408,-1.93213338318792,1.24920281590393,-4.43421127971251,1.24428213917527,0
-0.363607747775808,1.10400832581145,1.30067845337774,0.0703142964259812,0.0751796632324312,0
1.45590577026253,-0.928378048473089,0.353459042816645,-1.37786655052322,-1.23313331779387,0
1.02670174848364,-0.661664688010336,0.897600900117317,0.144402801485886,-1.10520536056042,0
1.07522901074671,-0.335339468401815,1.68046794156071,1.19209838750851,-1.27053076158913,0
1.26032783148891,0.299160897502296,0.527681133046703,0.614898903395385,-0.420591872514502,0
1.1436489111363,0.128210203259278,0.407255475069125,1.16095009233083,-0.504531513829593,0
-0.293838835769698,-0.0443689221292096,1.09314553232732,-1.57647312093224,-0.10749177274586,0
-0.561092494127646,0.508697738345598,1.42846359494921,1.26164025013815,0.617083159904227,0
-0.491003017302294,0.906952627077483,1.64542281975857,-0.0835311021938869,-0.195560099221421,0
0.0736314815543283,1.05120732881086,-0.281222562312929,0.853748807590715,1.06596573828071,0
-2.56496104960942,2.47098454163356,2.64941697024535,-1.56425570856864,1.79429703898473,0
1.28967251653565,-0.694399380236063,0.986683479929567,-0.626997062055679,-1.56174079494238,0
0.982539103625625,-0.229085198091074,0.0030505701904246,1.44400883014481,0.200644870169165,0
0.992495951516809,-0.658003086815726,1.0286425519227,0.333157075647609,-1.23430992173486,0
-0.0710037261845793,2.11493086734407,-3.59785824489897,0.159330036837819,3.54399541495123,0
1.14606539406735,0.285853394164498,0.562438673557062,1.45933613686893,-0.22589077272376,0
1.32062602968289,-1.17433822036747,0.713431141611634,-2.17794077909609,-1.51123359449809,0
-0.334463053149098,0.82678932684742,2.20768299974344,0.470566496342432,-0.534082395706892,0
-1.35693548969166,0.0337238083583394,1.87419537199921,-1.46910162769266,-3.1259085137687,0
1.1961928083246,0.245161002767118,0.631947467744274,0.642940901741353,-0.413132654617476,0
-0.689738299845791,1.08609079947272,1.2609781845269,-0.386674925946174,0.0238993394031539,0
0.867478766799032,-1.10225150163058,0.608958680895102,0.826674507189373,-1.2462139751918,0
1.12435494268587,-0.132953465351976,0.588467029912368,0.804871451514548,-0.726265943799719,0
-0.792970439917819,0.273688002643679,2.61204028533438,1.21349505112528,-0.225014754443299,0
0.216726737744709,0.710626489349415,1.22487593656241,1.13940533721884,-0.376350605735395,0
-0.586189993683314,0.490033022414475,0.564065152397492,-1.22836384560746,2.86017836505344,0
-0.363518693983855,0.0554644052427988,1.85757123982738,-1.08542097121506,-0.981918253588411,0
-1.09230140566121,0.43075047613824,1.24978491331165,0.429756534106922,1.27207558514779,0
-0.857062519648965,0.204627007877724,2.18698476694226,-0.0455893797660212,0.472689255888956,0
-0.365229401506496,1.10435215946778,1.29021678250307,0.0703205963432935,0.0434320253454001,0
0.87879449324497,-0.266909198449741,0.409706011015419,1.50980807428807,-0.48779804796164,0
-0.356466189895633,0.725417515222339,1.97174888880699,0.831342715103123,0.369681434554579,0
0.0577799473883394,1.55035563102476,-1.95040789127973,2.04147284682958,2.25842581160402,0
-0.426029991131099,1.04118389014423,1.0637931753665,-0.407920575421307,0.0776151253945755,0
-0.669415282482136,-0.169043614878115,1.30183662783031,0.37052463707672,0.950911340679712,0
0.948031796863003,0.318724756759898,0.73059089788814,2.58397516856836,-0.206464837654133,0
-0.529995754566706,0.766553613360556,1.75939342684182,-1.16007391448837,-0.501039670569579,0
1.14143647517214,0.0818934384999548,0.503624884582198,1.48721228120083,-0.473169877858052,0
-0.942623062836132,0.657317958481619,1.19154438444274,1.32649709537444,0.976744980417237,0
-0.764965866218257,1.33950625823146,1.20938900841593,0.005939376535885,-0.331807720416276,0
-1.16721188447311,1.26364780917364,-0.109848779049178,-0.783619310769871,-1.47269402833547,0
-0.810756466060034,0.654499424426534,2.21725732574556,0.104341351434792,-0.286800770532448,0
-0.931805001457903,1.52773726003966,0.818889180953467,0.0569902150162154,-0.319929644170087,0
1.03007160431156,-0.29508847878138,-0.10992364428518,0.0715396509986017,-0.318253285057154,0
-0.59881954604639,0.0732535394372884,-0.113786119447978,-2.31518896518991,1.64438184155922,0
1.09858448926493,-1.22249063470115,-0.319124613547036,-1.72338458566426,-0.416167765285035,0
1.26806876340874,0.285831650396011,-0.147276025461222,1.04774172573764,0.672115439500528,0
-1.7821164916603,-0.32607924408457,2.28209228454167,-0.381814267571669,1.06129006005148,0
-0.695817814950708,0.581772528955849,2.37817954577937,0.0633959562524962,0.329118684252992,0
-5.16629893298859,-5.4493690565251,2.98849761909769,2.65899079018119,1.94815212531973,0
-0.487233806417431,0.505825332677801,0.880669884051522,0.972986394383984,0.823366603031479,0
1.35515717380309,-1.31893984136006,0.166357131472051,-1.57482234968115,-1.27926734282674,0
-0.401848585025764,1.01511141594469,1.30200996346757,-0.0422080298431859,0.0558057367635339,0
1.25218924681481,-0.126779100238363,0.28028513549035,0.579415530069675,-0.374124541261067,0
1.12331106455199,-0.170142077528089,0.898773080361793,1.57244548824479,-0.727420684941568,0
-1.09747696412833,1.24623595908096,0.464854601298342,-0.178196024885461,0.249498839755712,0
-0.745115694204064,0.446439707976385,1.7141539505154,-0.146626010625732,-0.244287322310845,0
1.16845959651699,0.284168629066966,0.427984727675204,1.38202659683519,-0.0575863317239828,0
1.17148793760833,0.111366523938922,0.358993727585876,0.210843612934186,-0.560816078029034,0
-1.14803754695633,0.36762617013643,2.76971676396413,-0.356561537824344,-0.268456048125319,0
1.14561376267746,0.0041483782726617,0.772421614020574,0.916543293646222,-0.568699307116733,0
1.21841703838567,0.0777923088885188,0.533943622185738,0.843849430241147,-0.536021561349194,0
1.33141172776624,-0.715870868359091,-0.0059928640936902,-0.528407613193513,-0.880105463852488,0
0.0070425366187774,1.23950444542083,0.417049708498481,0.530003502730117,0.942324174092016,0
1.07378531625104,-0.170037328249167,0.790655939322141,1.12860451505138,-0.585960036478294,0
-0.986171235822638,1.73293386683663,0.857586934440324,0.178949727232794,-0.794223167745776,0
1.25425812093564,1.21837567372921,-2.14861470948065,1.15595747564582,1.81389240857858,0
1.03113202174389,-0.168277305714471,0.77697896740946,1.07203301861972,-0.337392115370095,0
1.04963938739163,0.0664370560156121,0.0592125797709592,0.285469338605954,0.635753534546445,0
0.439949564265165,-0.949842463341703,-0.112591827988822,2.57253596727793,0.149828998197281,0
-2.65828844483766,-3.01477627488288,2.27163593780045,-1.21820374574788,1.54654137474394,0
1.16920882495847,-0.032253822032531,1.01169700114988,1.353641323135,-0.876061895236087,0
1.10387021387758,-0.379364955439257,0.699437058576575,0.174333313020335,-0.918020872336597,0
1.23952614507919,0.602892210817546,-0.257987468646464,1.31958050321831,-0.0508045967839494,0
1.03138076172948,-0.0894440680587106,0.421362450934389,0.62087459530093,0.330241871781021,0
-1.23635071773923,-0.687029326449969,2.09340721023743,0.601217071967528,0.782302931177954,0
-1.01328699662916,0.512380148221401,0.837259149525409,0.408468269981739,2.07853524414425,0
-0.728857139958339,-0.0205421023337994,1.41502605310908,1.23390219800847,-0.240077156055621,0
1.09034862846329,-0.270145647910676,1.23591064515368,0.702070766116321,-0.85622917107822,0
1.18223808718654,-0.147518459824738,1.24851832551611,0.862034219278053,-1.07672805984401,0
-0.719402298508125,-0.124183759658819,1.97930888069542,0.503415340086078,-0.732324065175403,0
0.230981061551682,-2.00048295034302,0.555154797649033,0.600645901824975,-1.55102364629382,0
-0.987858066699713,0.475771322881122,1.67262163250003,1.17804440736239,0.730281776125772,0
-0.907420423962009,1.10391183716414,1.2884892266535,1.2436118482978,-0.0680316048408579,0
-1.03835622793209,0.756121842358947,0.719941776227009,0.988401807344711,-0.237289725013142,0
-0.404141785637214,0.502743590377351,1.05714828992371,0.741630350574078,0.53762377200369,0
-1.01469283299801,0.444917670155413,2.2590053598885,0.336945911543181,-0.492325914565294,0
1.38414601417405,-0.729477253805955,0.562339130497456,-0.901506242241749,-0.831961311809357,0
-0.37848943001567,0.532042624360092,1.49835211934989,-1.45115906447912,0.245405305553542,0
1.49120502120525,-0.246291572462947,-0.386057979405869,-0.78063785071849,-0.340415627206086,0
1.20200718203557,0.108213476993625,0.591724235036793,0.56607855509496,-0.641573115917568,0
1.18709001147505,0.0089797956063359,1.09449131156146,1.22103423960961,-0.676504310843972,0
1.06613434246004,0.0376989739526047,0.169035053704406,0.991432284100392,-0.354436923607419,0
-0.704133362459909,0.341397055816134,1.74002686541749,-1.6615949626237,0.872313095232315,0
-0.850730608839579,0.695702821771029,2.07183756898707,0.928201003743203,-0.032107928118921,0
-0.622317102403973,0.656825677584477,1.09422463218386,0.0546647824277758,0.746404693986634,0
1.40918592371798,-0.383685926174193,0.256251855485528,-0.703150205050081,-0.763573514302392,0
1.1626866219921,0.269139448314197,0.16325807405854,0.943087700234206,-0.0032253826549667,0
-4.2364194365614,-4.45978420817933,1.38181330753237,1.117079983866,6.04448632417373,0
-0.386633363130421,0.953378782728361,1.85172644064533,1.62310811249238,-0.603151408083904,0
1.20778786048687,-0.0069148765115959,0.361346958506189,0.778856504076205,-0.404622168752262,0
1.22016350030541,0.3304213293144,0.518020385264016,0.823178967811669,-0.680718692182163,0
1.08430301328508,0.12767812557479,1.38985271441822,2.53255871264885,-0.636871350092511,0
-2.97721370798955,0.781747655402441,2.8817239980486,-1.62779816797061,-1.36806706214673,0
-1.68598676561959,-1.50904215440137,1.25799164924009,-0.114733180164068,0.749404216759692,0
-0.779988244929168,1.39577461416824,1.78082843003005,-0.18732466391774,0.953850176050662,0
1.29594629775233,1.01183545854154,-3.19185975359909,0.471478145251367,3.35024060575223,0
-0.895224141637294,0.562106128928029,2.8175240813651,-0.71873354351021,0.223222217290916,0
0.503301988400519,0.930065139646533,-0.857525171542855,2.04294011557666,-1.50594639143412,0
1.20278275953826,-1.46484233362506,0.703284108076113,-1.46252024017167,-1.46298215271897,0
1.27013608973005,-0.608139036121013,0.373101018688727,0.23375159974057,-0.721246758647321,0
1.19549440194806,0.194929191243257,0.617510331478634,0.649717014766923,-0.474718197338476,0
-0.268621026179466,-0.233373932133886,1.02526288412106,-2.12932501874631,1.56637521693694,0
1.02166509245772,0.11057523002041,0.449479939310283,1.04142403576727,-0.213918613337462,0
0.779819724468341,-0.41580793896227,0.0881846163193077,1.34806553735487,-0.0664145468311553,0
1.0047604754428,0.423991944618589,0.579929072286713,2.47675356849986,-0.124375473037013,0
-3.49598374713741,-4.08841987249722,2.02484461194579,-0.74036273805294,1.12813456738835,0
1.50757798120502,-1.09282023257786,0.360102102115976,-1.77093992289384,-0.913848623244812,0
-0.928193196138154,0.67175801234988,1.92461595822292,0.273754662724616,1.04110848244839,0
1.0770785636955,0.284980216919471,0.0077313826582992,1.6570730005351,0.0520202406490099,0
-1.53127111807147,1.39962086034665,-0.587061395411806,2.17500166489627,-2.13763692327444,0
-0.343986366495033,0.539788565141525,1.02466150982501,-0.371898822956345,1.03733561321496,0
1.20544382671016,0.0084669857946875,0.953782320291429,1.14109301924441,-0.491215002839821,0
-0.703183200576619,1.21070441553077,0.713730881966961,1.14638078659484,0.196790068219018,0
-1.04636191482801,0.720386219291532,1.60341258950027,0.608371108005076,0.460940564666008,0
1.13584591864479,0.0841635452517641,0.269572728032023,1.21003437138404,0.0051279186390276,0
0.150998913806338,-3.00211987419831,0.82430140640899,0.231721086027853,-2.62141526328587,0
-1.0884582543774,1.1971033223293,1.29371905133836,-1.17645349295576,-0.859954614304396,0
-0.687099302570821,0.790436270915636,2.24242432271365,2.40646163016605,0.359711754795171,0
1.13562921316007,-0.173985536334862,0.730692302193073,0.711558021021266,-0.854208640751099,0
0.0192558115182034,0.47169811150898,0.868060279000251,-1.23912416338942,0.547897879724197,0
1.08584018898175,0.126685610531901,0.498971954980159,1.33369955484128,-0.199128816165415,0
-1.24412629826194,1.10587092140905,2.87089427724413,3.01509715940648,-0.813713656367976,0
1.02139247472103,0.155450971619841,-0.312290950683655,0.961407335567952,0.548611311634237,0
1.5860925216242,-1.16909073377761,-1.35047670772023,-2.504579946457,1.10638933562426,0
-0.711928463741055,1.54742310558414,1.79975948782012,2.48905965234492,0.450496981199394,0
1.10625081303158,0.398625211642428,0.860420675089462,2.3888621035228,-0.365842960240857,0
-0.424665607097005,0.554293424117749,1.37423411846402,-0.447451226370809,0.288247577152586,0
1.2615973020388,0.256345955260126,0.513253570696435,0.619053786672134,-0.472481831799073,0
1.29540611366961,0.296881362896136,0.068724824891864,0.572690232982924,-0.165698374876104,0
-0.692698818107399,0.291548412085799,1.57522762626918,-1.21940041216185,-0.302257479513764,0
-1.0286989631437,0.910514553316548,1.91518004501525,2.46938359868018,-0.0083750819742973,0
-0.456585658702141,0.541707557441951,1.33129724259932,0.559447257178546,0.18404479048022,0
-1.20943716011249,0.949446219081882,-0.429811066470978,-2.64009352094142,2.60138680803508,0
-1.1856978458655,-0.386509990091968,1.62307213323478,1.63640561013473,1.10250551000118,0
1.0203989643983,-0.639478785995106,0.941567785978575,0.121306846118969,-0.99631980555391,0
1.2562165510808,0.255027771814694,0.277716368985945,0.706677006371955,-0.495830728963615,0
1.23917323388257,0.10336791843768,0.371710701187315,0.44003317388674,-0.370396355629073,0
-0.409899592587,1.18308756526926,1.59896704783592,0.35308835423035,0.309710019802076,0
1.24060011229358,0.747735015779921,-0.214136192168044,1.30147536316146,0.124739708766457,0
0.953918203343811,-0.760595477682288,1.09161059514784,0.147114856888749,-0.729795657488462,0
1.25572940817485,0.297650061970427,0.28752640927889,0.699902086074476,-0.43840525601403,0
1.35444505657635,-0.815296710428542,0.83649830474627,-0.617140247482377,-1.30412373459186,0
1.14924640309594,0.0183582863218721,0.430439506948688,0.537502628461751,-0.430753530903707,0
-1.25447577889493,0.32225015556692,1.78450727289907,-0.307396214485128,1.00908572183006,0
-0.837689399286165,0.777697548176039,1.84125190788536,3.05689168398457,0.303627257071124,0
1.22089576726054,0.116242672593297,0.545204566234499,0.838269474284817,-0.491895847467858,0
-0.439946497030056,0.994795145722447,1.35705761327694,-0.0502881899964275,0.108030045403226,0
0.89405620757263,-0.0310011882758798,1.51466468447078,2.58727618822553,-0.222692610162726,0
1.16691882274459,0.0270490880031698,0.513875182118976,0.86096534891176,-0.519451576892328,0
-0.460445587001775,0.720560638893991,0.247835759740453,-0.687521024203132,-0.627671057068035,0
-1.89609925225788,-1.82904618154786,1.1812221421476,3.89784579615149,-1.68646870453463,0
-1.29983679037626,0.8818174638094,1.4528418792573,-1.29369833187415,-0.025104981110272,0
1.15892316297527,0.165064337275553,0.507315635964163,0.456052012917646,-0.193599919220382,0
-0.804275457310519,0.379523305757196,1.89252467406331,0.315885535060119,-0.194783001456365,0
-0.90790897460877,1.62222322404833,0.0363813619124195,0.526253581724911,0.343559944637381,0
-0.671983367555238,1.28681445151992,1.57521379887095,-0.289993428795442,0.601959368072479,0
0.450789665252323,-2.1685326869165,-0.824039453785036,-0.351020593029807,-0.984033129814253,0
1.2131358392762,0.462142518341967,0.664599345891463,1.30113530427983,-0.407415561411132,0
0.0719363724226082,-1.60199934011656,-0.606192804697593,1.59162339012038,-0.364290001770804,0
1.24802214625491,0.367820580010508,0.0581918442236657,0.933295335208658,0.44392891101968,0
-0.5172340289256,0.599240835886861,2.91395039452798,0.374993547650168,-0.453371116149332,0
0.199489410064961,0.705635828898778,1.39811484954494,1.21964719031253,0.14919613936696,0
-1.58192672515242,1.75475319932147,0.79600331086958,-0.558083886416149,0.302975096982934,0
1.22847756765483,-1.09794750400302,1.62901262270903,-0.0055502942374186,-1.96986848733993,0
-0.829932199150855,0.430250426288754,1.3037076726496,1.04055937115489,0.822209790945024,0
-2.15349086514568,0.104020929476975,1.45953150222605,-1.61328386562366,-1.07136061911647,0
-2.59549971893285,1.31159181560757,1.32308130712122,-1.1278489024485,0.307467369283372,0
1.29305346794745,0.457969173071868,-1.94045010818654,0.173148862363531,2.60956976701555,0
-0.5530921031205,1.66759064569936,-0.0473574269594697,0.514248893483153,0.58938848841293,0
1.09166591858634,0.068682113317628,1.23033366935331,2.55447386350124,-0.454168675247679,0
-0.160626023844866,-0.0644592715749079,2.53107242920104,-1.32826789668652,-0.970429962152532,0
1.23741280400293,0.512364829919811,0.687745559627426,1.69387239409344,-0.236322621630244,0
0.699598576350074,-2.63172744643667,0.661576192912175,-0.707253670326897,-2.26099962680857,0
1.13154130503628,-0.174361326933011,0.992621499569349,0.600032005318704,-1.02193420532219,0
1.08521407006336,-0.228463564265964,0.774502959271858,1.37928162180246,-0.469899987791314,0
0.638806340158883,1.77245108934463,-1.74825799978657,1.2976997284863,1.78587161687521,0
-0.844953413022215,1.39604365398267,1.32580362740992,0.503092092618285,0.0056092120038797,0
-0.814053958801928,1.53822155691255,1.11568996367136,-0.0516668053669614,0.0923341570300812,0
-2.3122265423263,1.95199201064158,-1.60985073229769,3.9979055875468,-0.522187864667764,1
-1.64500860387508,-2.09079913256286,1.59256683629435,-1.38885259038471,1.7328991922002,0
-0.918109391824049,0.798542201329816,1.75349409472731,-0.576985397405394,-0.554779915989762,0
-2.99079154928367,1.93298472472565,0.423524284364003,-2.01992455715591,-0.108641274501956,0
-0.544922216382672,0.59540735780104,1.81326091159533,-1.34466974101287,0.0168642478293583,0
1.24375750419848,-0.777764482893793,1.0168300283625,-0.250545905601579,-1.26855516635586,0
-0.960818700152674,0.0710130174771463,2.60281933663759,-0.99869306098515,-0.383880011575843,0
-1.08613338221984,-0.704547684480861,2.32902144681757,-0.885715003172822,0.617676502530141,0
-0.355220827297771,1.15588175408278,1.31186501269808,0.061944507535197,0.114206664404715,0
-0.566531106380148,-0.0577281622017017,-0.825120878673073,-1.04022190886835,1.05972821494683,0
0.238849265006397,0.241701891642487,0.369160517114791,-2.12404122740141,-0.172507581507829,0
-1.07565217464198,1.10123299068043,0.579164114164429,-0.459366283954422,0.600010666231119,0
1.14659355737236,-0.353208345904631,0.834120226104315,0.708139103342928,-0.749013999346299,0
-1.5812218278555,0.391512135219577,1.91633286476524,-0.0878400735624624,-0.421409692344155,0
-0.376162266419157,0.460564985062957,1.68627299235483,1.30037893036191,0.192392512154773,0
-1.04306772577729,1.04458176181587,0.292185902699667,-2.37853568102341,-0.189793273353959,0
-0.68715782736797,0.886271167447385,1.80507701364573,1.33774152018006,1.02712589477601,0
-0.473730524697735,0.697340216703824,2.27959950744856,1.3598750859262,0.342429159666574,0
-2.68034780829134,1.8720519522976,1.14471175209236,-0.693663602134341,0.155171669307832,0
-0.79199307524803,1.05400661494178,-0.110012027991852,-1.23418578034555,2.75135491291703,0
1.16691290807975,-0.0233668518884573,0.624394004875899,0.781790993649936,-0.655556508989849,0
-1.39777562374894,0.004572569302152,2.52896428080822,0.648278911369353,-0.196625104125991,0
1.12178508696274,0.206367287574462,0.529086016481607,1.31822878290779,-0.161514780513265,0
-0.79274825180672,-0.554385046852982,1.69854439155455,-3.77403910586597,0.0051289852430055,0
1.17484581369606,-0.0971048395146796,-0.361082797511909,0.914490346277142,0.59457102917051,0
1.16112336057547,0.654049831616001,0.211965676348897,2.52186446397779,0.156581564085664,0
-0.36705818602522,1.03585124287872,1.10806449213699,-0.0654585029856475,0.366305901715767,0
-1.93205540371232,1.72461780176378,1.28822881142765,-0.396997995213887,-0.140202424316537,0
-0.424126020366472,0.943261996843593,1.13335382744109,-0.166337790141043,0.387243438041845,0
-0.847311956395441,0.854261494950731,0.338816153280182,0.890136673955179,0.80475146617643,0
-0.856567135357546,0.842155881785836,1.71667685063596,-0.0161776139167461,1.05448580708667,0
0.173200432066893,-1.82334605633731,0.307208485073906,1.34269066716454,-1.35811071835025,0
0.823787878094626,-0.902937869663281,0.107280277565562,0.384450768706164,-0.790004776534983,0
1.03107626224942,-0.45523299223766,1.56188449130624,1.56247853472831,-0.930127019563563,0
-1.86025769215298,-0.629858920058775,0.96657044776229,0.844632076311716,0.759982662401822,0
-1.64724774569841,1.62704614238629,0.828098227459411,-1.19270849979097,-1.21839373364551,0
1.33128233083719,-0.460775040723178,0.201621104233636,-0.582847532638529,-0.815357669994095,0
-2.14916431209815,0.128061810229598,-0.155948824275652,-0.0509802918521152,-0.646230553080938,0
-0.75170995325103,1.19840953029378,1.28742143560471,-0.384763066128562,0.0904261567382675,0
-0.579830913552082,0.885570270617495,0.73011083288394,0.756646787547795,0.636427471335468,0
-0.599758603917243,1.38310719147002,2.38126097550013,2.68618346715007,0.317046870553134,0
-0.679292516376208,1.12083709270351,1.31939419830188,1.24982671561708,1.14778623152507,0
-0.850529094975521,0.963376438803407,1.65445291198399,-0.592041267174892,0.534175224551489,0
1.49157444507907,-1.08827774578249,0.552852185683537,-1.28987581402804,-1.3911751964492,0
1.28708679615122,-0.392364104516818,0.513359803877633,-1.23732191526381,-0.402555693452145,0
-0.142561597113504,0.995908030734381,1.34894876282562,0.651921500985628,0.402290102467522,0
1.25877773894767,-0.0593127600677721,0.314051844892437,-0.111066733043089,-0.503006121388045,0
-0.421335649528035,0.845373439556006,-0.180052640463827,-1.19407718352496,2.73780040075269,0
-0.565328982282065,-0.0614204119938318,2.19793382358869,-1.95879510739463,-0.0485292045725364,0
-0.627616604495226,0.841973755027358,0.840727940862383,-1.3510592913171,0.182650197575112,0
-0.753360379358863,0.547357464500122,0.632549898801302,-1.72827950525102,0.937092114124674,0
-0.644711516651569,0.662711242694668,1.4889309279997,1.29935282345236,0.091519044562648,0
0.548588124513562,-1.10639432330333,-0.650881100039518,0.572799288488412,-0.14800405837969,0
-1.14610283642122,1.35027369114544,0.907209139242784,-0.0406815698489461,-0.242920133366154,0
1.06331713559004,-0.795950552345143,1.26875871897622,0.646969512881566,-1.4208862314789,0
-0.242497088483831,0.8911700096941,1.16478654597688,1.02539184542511,0.729122670898602,0
-0.856525101377417,0.583290075527855,1.38901377414248,-0.344699052057453,0.267594320844165,0
1.21689071243031,-0.73567103666605,0.236358303233975,-0.579814425218451,-1.17860390052311,0
-0.693682516544372,-0.16627169079613,2.0362807867487,-2.22770831551657,-0.186089943007491,0
1.07220548109111,-0.253477795420233,0.802396579201793,0.379596205361075,-0.936342943655816,0
-3.13389129377515,2.88739423570429,2.17868973259279,-1.57653465717616,1.43450997142197,0
1.17916217258142,0.205327100247699,0.704970594443774,0.697812464033206,-0.56614130507274,0
-0.469790195539992,-0.0097234877681757,1.75907899377535,-0.0865062158051818,-0.508939660493299,0
-0.942972865599481,1.81257471109018,2.11275406531462,2.21179055445223,-0.0675649278157964,0
1.21709239210288,-0.185347264717343,-0.343000889810164,0.0873593067726766,1.58435582769107,0
1.29415733715712,1.13208424900418,-2.14860513805657,1.23003107188966,1.44789413413858,0
-0.528217504778877,0.981231846386665,1.6529880537617,-0.150715086881965,0.137047986925298,0
-2.26465630091757,-0.707191614991277,1.08024304948713,-4.65754503367186,-0.157183324012215,0
-0.735722770216833,1.2802911543385,1.11386826083603,1.09077387958763,0.56582482550402,0
-2.40026070028794,-1.38375364369963,1.61015057040802,-2.45264877264277,-0.592391692020301,0
1.31405429371976,0.433171282360524,-0.577559439602628,0.715882929983272,0.683582920687473,0
-1.11378128928362,0.117378054081888,2.09035990196239,0.473339798586036,0.489379330739178,0
-0.38672597471122,0.172564989565017,0.732582644906907,-1.43466221096093,0.0330652935859424,0
1.29889789186799,-1.05067402203234,-0.301586977199615,-2.69813977953606,-1.08162463361411,0
-0.634596978234792,0.866354364512866,1.12383602672403,-0.304041137927492,1.17391035313758,0
1.15723544645937,0.138019292155968,0.384987396697259,1.40360042876299,-0.222511763639568,0
-0.839472782489739,1.34996846706258,0.478163335354872,0.507629155131338,0.53955123349831,0
1.26376932818278,-0.197754840416928,0.326901206257954,0.274103867306805,-0.476462136813776,0
-1.06455861219702,0.432451521143651,0.128326560692891,-2.01974114285931,0.0144335698098256,0
1.37749710266975,-0.662564628819757,-0.130149040028687,-0.562680168526858,-0.832895167348286,0
-1.10091965379217,1.02958757720055,1.34833301916397,-1.36208235210811,-0.343464987498957,0
1.01705496852431,-0.185048783070119,1.18166606650006,1.07349020426383,-0.550586426062338,0
-3.0435406239976,-3.15730712090228,1.08846277997285,2.2886436183814,1.35980512966107,1
1.04078123560653,0.10956917224535,0.357987395876696,1.11899798107106,-0.105373135445754,0
-0.867554210779743,-0.418633339430195,2.29492668654691,0.219869661334528,-0.0858203228696113,0
-0.347239992032347,1.14021797144301,1.2890664698612,0.0610696576212423,0.0325141696758185,0
-0.394363940095324,0.962488927143593,1.16411130483157,-0.110028408950155,0.221215517544595,0
-0.597235764315286,0.897113634542816,0.765018455993999,-1.00893408522176,0.491638517158923,0
-0.98747676408682,1.11817740925387,0.666257803712843,-0.583883173188284,-0.649628271500306,0
-2.44134792474947,1.68881618430467,0.6399215155297,-0.776735224580886,-0.305875480369799,0
1.03907905531269,1.15803404495519,-1.55517380004332,1.50027016316275,1.55614823617091,0
-1.448818005251,-1.2720895803379,0.0806469903887339,-0.122034223651626,-1.71196597866692,0
-2.75212410779928,-3.23216783201557,0.873035707609555,0.108216564734541,-2.45127886197596,0
1.21546847819143,-0.0713420695619551,1.04869653907063,0.724718913116541,-0.694531818142867,0
1.03967393198286,-0.329295605226631,1.07343125157488,1.54748027694667,-0.595509891082987,0
-0.792724453343653,0.946688235639807,2.24514885111903,1.16739763459949,-0.625404978985842,0
-1.12324258650538,-0.601732547413543,1.86623157617253,0.373544171958674,-0.16514934577634,0
1.09337038677875,0.108994824719877,0.100226977517301,0.913193831501278,0.0849859723197063,0
-0.928087752524131,0.398194069879865,1.74113124955186,0.182672744087029,0.966386863448983,0
1.06062341140128,0.077500258689074,-0.0493381055920148,0.546163026068853,0.0048309798402768,0
-0.517981178278665,0.723071633083266,1.40119558119979,0.772312602419264,0.671651330553811,0
1.16435868086194,-0.283474301782276,-0.247022338503708,0.192063834900487,-0.327522377855543,0
0.174857319763123,2.03555032401225,-1.86666069419846,1.42085269209547,0.829644248215176,0
0.986168049742973,-0.550922523338983,1.14093394212193,0.757901246338933,-1.03889035253105,0
-0.932348620660508,0.789122701375685,0.534111141327499,1.14072363859679,-0.44896748588263,0
-0.215043036434683,0.652190230236062,1.10788238426475,1.26593518300042,2.36630029964265,0
0.716661837239264,-1.09781176823394,0.629443204979559,1.93951039606069,-0.494739456942061,0
-0.946412464324631,0.60949978178979,1.20170987712717,0.113073601327786,-0.210131917772195,0
1.19628756344344,0.217098786761695,0.402595913137426,0.921664107445182,-0.252045362745247,0
1.13002411772615,-0.0609436039682605,0.662073540897999,1.03398957301002,-0.44155962793896,0
-0.789890213317183,-1.3793710208447,0.171334350642317,-1.63675575301066,-2.80726555399498,0
1.21972509323938,-0.481148940600525,-0.324350971307362,-1.55256245751906,-0.258356560233678,0
0.0585009759619835,1.05866127375328,1.07685720846866,1.5890434572389,-0.4000767108625,0
-0.239505139493611,-3.94024054690668,-0.147575852132355,-0.671346651204376,-2.23925607349197,0
-0.606284096155304,-0.0901118014829273,2.01202749508131,0.352728129458825,-0.210153545441773,0
-2.00989275115573,0.522693347409805,2.04350980901895,0.2235213743292,-0.597859305150884,0
-0.652954959919241,0.493216286926375,1.24676988396719,-0.707569435836588,0.165763884632554,0
-0.41783625191838,0.981102920881912,1.1358197591905,-0.172592935485917,0.396674889389087,0
-0.753769334274668,1.09828709338221,1.8354528834209,0.614571393652971,-0.317858924324206,0
1.25543928787263,0.307728903801174,0.292700171373052,0.69987312813193,-0.428875629233923,0
1.3557901906947,-1.12292133786697,1.19118651886482,-0.576548234293602,-1.70874993200339,0
-0.860625553801289,-0.109136995396895,2.11247400084939,-1.40056721421055,0.180269367540823,0
-1.37771827091782,1.3545304566996,0.543183298470348,-1.42717085928831,-0.124389369820083,0
-2.69664072490359,-1.37130038612753,2.85819382004164,3.4218635807796,1.90408260680805,0
0.860544592611558,-0.747804384649498,-0.955150630920697,-1.12405553844244,0.186536254870529,0
0.0747375945306555,-3.03200885261474,-0.429919190176392,-0.442721155356848,-1.78471045794164,0
-1.03107926237188,0.626546715939223,2.62243621705555,1.41131216109482,-0.296552602030695,0
1.3353694727997,0.535981910443705,-0.4481561584243,0.902997797380703,0.517134282498174,0
-0.280814640130213,0.93460507768786,1.26145201699272,1.20891229763354,0.540420027261879,0
-0.152397473632413,-0.748114460058672,1.65957060932561,-2.16060143578693,-1.44859382215158,0
1.16659175478988,0.124033374104431,0.381998940407615,1.40355582007109,-0.254472681581122,0
-0.404840789478089,1.00537176681107,1.37275624912858,0.0059942793578906,-0.118848739330074,0
-2.14951704002277,2.35116354665973,0.992990515150123,0.692643264716344,0.231641731851019,0
1.16327109252414,0.141760431205637,0.124578920495841,0.95855077567579,-0.159554340454629,0
-0.259960889596589,0.998645786287549,1.43797463436389,0.0380313527087176,0.125405255699981,0
-0.556245111037062,0.65757441472874,2.70619306680367,2.79265551941975,0.208495781610076,0
-0.65614726027589,0.501881135904557,1.53260084915713,-1.31988580520116,-0.186189497192578,0
1.29594876595801,0.136053810111899,0.383682347507913,-0.0793250691770955,-0.497415702820291,0
1.2552580368309,0.075190219223425,0.225733321304533,0.881766282196351,0.154508081944231,0
0.166862233883515,1.66770918409059,-2.0955586621444,1.83520604250147,0.876544697601151,0
-0.63243792501966,-0.363984346936804,2.35470878382916,0.301992767347433,-0.21208777635094,0
-0.878340125644991,0.489030608788641,2.914340850299,0.0781537496737258,-0.423731802816629,0
-1.04504206696021,0.957420516726056,1.3880229403348,0.195389152914734,-0.327384624789963,0
1.31471266913969,-0.328688367213731,0.0026449528028191,-0.805043825496348,-0.467259872032921,0
-0.639473905739308,-0.0483549749042712,2.45275522386725,0.310804363692069,-0.430963163956417,0
-0.743470571088049,0.943604280910048,1.48646357875686,-0.179574516299139,-0.190966050817422,0
-0.641320431095315,0.738097929491146,1.91643641091496,-0.162040293779077,0.371740226894166,0
0.764614145085856,1.70619068358842,-1.75582326898206,1.55738605929459,1.10108282192437,0
1.13271169825445,-0.931559147226701,0.913449576432248,-0.804351760086638,-1.06647788654245,0
-0.608941396004246,0.961271047045624,0.978329578514127,-0.37541971231044,0.955269566549569,0
1.11958886579381,1.13158607341127,-1.53301067790265,1.54522340321799,0.929387735470615,0
-0.421664541051671,0.348353106151759,1.75022290058636,0.54651190183493,0.461304497743059,0
-0.795322272590168,0.0812376254919425,2.21056814657417,0.268145340868342,-0.506874512892417,0
-0.292211391567906,0.838604679648491,1.36084690097568,-0.0013458324523211,0.350835553760073,0
1.08984625831441,-0.60277958413935,0.924389347485624,-0.0770385001566904,-1.27590727060561,0
-0.755011343838329,-0.51776100874979,1.76009130078386,-0.654205910029369,-0.0391429982129439,0
1.35853544886351,-0.443056971764325,0.700476395119831,-0.734665605644057,-1.13817556363471,0
-0.37841676509179,0.751515099663326,1.7722564477897,0.311020274197423,-0.32912997899302,0
-2.00056742596757,-2.49548424091355,2.46714888066604,1.14005321575122,2.46201010503574,0
1.25593149521435,0.317615093545483,0.293256411409891,0.697224133168653,-0.413810488788801,0
-0.690417296139236,1.32268070901172,0.910911327287702,0.112848556071586,-0.35628060241284,0
1.21726110498281,-0.0806463327397788,-0.0592931991088805,-0.868862331128711,-0.236627992671563,0
1.44572888653447,-0.992652912514891,0.702959270579312,-1.31131538778572,-1.61362534644119,0
-0.681072116349521,0.926830781821228,1.87116142144247,0.923396723872737,-0.438214643325824,0
-2.08126385463261,1.68255832872131,0.651263799690254,-0.533548658211111,0.440529214940853,0
-1.23353450286567,0.145320254671426,-0.0672272995321048,-1.75057723836744,-0.801068748255337,0
-1.3932651854425,-1.09556933266949,2.60779451652572,-2.52906048910748,-0.135265292024516,0
-0.866655166687783,1.02962057697845,-0.410809874238675,0.159946080106424,2.372235649386,0
1.08991295221448,-0.221547383952436,0.994240309643341,0.956010638317335,-0.812287224727591,0
-0.736061880982539,0.104863639233211,2.35635504436885,-1.79691578429501,-0.727808948987819,0
-0.696401906745576,1.18659731596808,0.761499236264684,0.783975083615848,0.825519373832699,0
1.11427008772226,-1.08492581336148,0.873098705161862,-0.716837344346853,-1.40536235385103,0
-1.0972779818864,1.09434807676044,2.07433449071343,-0.0857760525770999,-0.200635483400869,0
-0.636010759624907,-0.303837535380687,1.21534265648203,0.308924178392643,0.561376575463901,0
-1.05458435060349,0.67151319809002,2.10671828023875,-0.591700619781302,0.228368409271412,0
-0.42004980312015,1.03464806946405,1.56584979052484,-0.0296434688544165,-0.0543358267364858,0
-1.73858230920278,0.0527395171641715,1.18705699100722,-0.656652481541991,0.920623228812823,0
-0.62352482847941,0.176954714976126,2.56571518948709,1.54427997096419,0.109686401278515,0
-0.403086552214478,1.07843165266833,1.16532788649691,-0.187949504973358,0.499558707993067,0
1.18372829311816,0.143446768035513,0.238718057208083,1.31687311843062,-0.0301960671147804,0
-1.03074650417539,0.89474695056802,2.37561984168292,0.218371812335504,-0.862126359522581,0
1.19270361118011,0.412559038848485,0.746328270106011,1.29355256313341,-0.513108357106205,0
1.06685141226338,-0.464679210724868,1.98435268861983,1.52183426385001,-1.28732536423138,0
-1.23342604202899,-0.212440503303147,1.83963155933599,-1.80298566693143,-0.493195104056738,0
-2.56541747288904,1.28593559748015,1.44603646760607,0.685430493095134,0.496796960127548,0
1.42246102324806,-0.547421898301898,-0.147437553764189,-0.615979101846922,-0.677018283805407,0
0.0338542253831943,-1.81831257557675,1.07733439211261,3.35053720545775,-1.29219479216701,0
1.10184434022317,-0.174472898560733,0.446908390724061,0.899498557806187,-0.666439737661087,0
-1.27419275865759,1.72226345235688,0.429337379732329,0.105931559077723,-0.732006018823744,0
-0.371258065551865,2.14882600353746,-2.56454600350555,1.80713620771122,0.475459860559715,0
-1.20335121324857,1.77464096941025,0.299299909519384,-0.418264753573692,0.484617042285845,0
0.601635839119152,-1.63433494183935,1.04273785363475,1.06376782379264,-1.87293278103272,0
-0.4746609960096,0.316096499782676,2.44623957747745,0.961006558585439,0.311651837324127,0
-0.444316305628711,0.874648030530876,2.39741443050453,0.834891986174652,0.396998044586317,0
1.23853282760964,-0.0110750446976514,0.332072692990882,0.0860291282421066,-0.449032311298407,0
-2.61838614082819,-2.30244892668703,-0.386399715490263,0.854628488979196,-0.861209325050501,0
1.18948240706799,0.23724716176087,0.244980428165645,1.08182351280645,-0.165736186225655,0
0.270554106180448,0.521380385442136,0.572349435253067,1.19170405013988,0.448293353075837,0
-0.953029555248701,1.27454926349141,1.83550605538796,0.833733713494195,0.0193930276872731,0
-0.84808655235177,-0.573440512010498,1.49139860231401,-1.73999662635928,0.411572231381901,0
1.17358457603721,0.250650069928149,0.839630918934211,1.06630870942897,-0.365090385227448,0
1.13572095515975,0.185327689987062,0.532580535437773,1.4747058670844,-0.335261004135142,0
-0.332048620578845,0.31951083691668,1.23483403396317,-1.84305219945025,-0.349018053344861,0
-0.439880214777499,0.630450501419632,1.94259073063367,-0.798746627833954,0.261324546586628,0
1.16977763108933,0.351227092065817,-0.257896565049697,1.00297505445597,0.431219557891663,0
-0.988419770205218,1.04400956024473,1.41077410133836,0.142818951064331,-0.477671966137553,0
0.940965064702772,-1.86881102169174,0.426719309363635,-1.71711727721615,-1.86186939342381,0
-0.689943486143964,0.115395704104174,0.619567778933056,-2.25678862591499,0.985793003843296,0
-1.85901146818188,2.11913432276814,-0.0340726449395522,0.0994857322441757,-1.04683737600768,0
-0.604302881278666,0.919297541311138,1.750525999558,0.436348406641154,0.408253240859242,0
-0.711796999469376,-0.983416038447803,2.04248995637108,-2.34850539277092,-1.67033277854196,0
1.21487241060553,0.307969625075775,0.278628885051056,0.64298127751791,-0.185160761562376,0
-0.312911120833619,0.815135971004971,1.40526959520751,0.0705268769118777,0.0585584615444487,0
0.186117640976478,-0.159357904675258,-1.38922245783705,-2.4339964673702,1.75337782444328,0
-2.4227082266301,2.54433833757383,-0.509210482779809,0.084549536076382,-1.43167656272148,0
-0.203836963864141,0.53274662871545,-0.339856733043377,-0.730934260939196,2.72816257498976,0
1.16635993693675,0.0050606289516111,0.497768218904926,0.798919611191457,-0.365524459185628,0
-0.461787766445311,0.443205089848672,1.80563019580973,-1.15408998800866,0.159950498308469,0
-2.99062235532712,2.96263827853026,-0.98084419848421,0.0719036722180677,-1.79523764280229,0
-2.3553362404209,2.3161815282492,0.701735382207059,0.174500915945318,0.677346314338164,0
-0.772941380101676,0.815403709114015,1.36553639929453,-0.519297931670518,1.0348671126681,0
1.0631954163549,-1.15624696298981,-0.814093597711277,-0.462131622042555,1.13783481544772,0
-0.402057030445791,0.584299900966221,2.47422694612055,0.929684062877304,0.0143137097884111,0
-1.06212907947623,-0.618573509182783,0.615387802001358,-3.33583361087208,0.746649118933988,0
1.17836386174598,0.444452843800443,-0.39872330075993,0.724485932429829,0.123438519580628,0
1.25771919362,0.364739119434284,0.306922619677791,0.690638246879564,-0.357791752392347,0
-0.572263018619647,0.73174824277354,1.54125421158446,0.150506094202403,1.10897408964332,0
-1.29684450383076,-0.511604912942157,2.4047256192033,-0.310761701095025,-0.319551484745996,0
1.21417039374976,0.210481142437712,0.484651269734864,0.479767782283227,-0.26195501683953,0
1.26703028847134,-0.0711135415913203,0.0376804890402859,0.512683226467184,0.242391583494431,0
1.15375804845906,0.132273105603992,0.38296903981079,1.40506258246122,-0.224287007482232,0
1.15345453322987,-0.414609366098938,-0.356475585124658,0.330125385209091,-0.221110032449083,0
-0.185773992034697,0.0684934833400868,0.985169028466344,-1.60889094001108,-0.182242080404157,0
-1.71853685640724,0.448160285180491,0.951223158588876,-0.32466093734756,1.01745575533974,0
-0.572162905594779,1.08326567674951,1.65922238813432,0.0357030008455127,-0.245593107694275,0
1.22287415624452,-0.070298585581596,-1.48857192166973,-0.0798984918351174,2.11150707097247,0
1.68531381539456,-0.782434172834144,-0.742996681317234,-1.67382073909035,-0.440120445524535,0
0.485684922315229,-1.36745789853534,0.867545893148895,0.321954206428702,-0.760654478944322,0
1.24565836480361,0.465419870562264,0.219100261441902,1.35127650763869,-0.0476535370469684,0
-0.123154738586794,0.317703572723429,2.74779826873803,1.62020118299651,-0.987645105450444,0
1.38639222295391,-0.638327440704081,-0.143733889404019,-1.03812742015013,-0.382844202683097,0
-0.937904055589607,0.115392682794467,-0.31486359575083,1.70809273139586,-1.43912668638414,0
1.28578408457805,-0.204800181788683,-0.912386535091836,-0.342584213540659,1.88154749297588,0
-0.579711960472138,0.863978981323137,1.5485678885124,1.09411644662122,0.383149871573759,0
-0.795188115818995,-1.10826685688292,0.590149255683361,-1.86998626782724,-3.42535108122433,0
1.33695648356487,0.290431830675023,-0.387642217690981,0.166746193501,0.566886657304878,0
0.142623031085026,0.615164602555194,1.4215469925973,1.29121735809183,-0.61799716922571,0
-0.861028332465561,2.02018640741438,-1.25448543616574,0.157925282648979,2.43295862334372,0
-3.55890898823261,3.3808361602821,-1.45600257556929,0.0593229159468732,-2.17004449384791,0
-1.58249207672452,1.33884828243387,1.90826543335439,0.198895281153605,-1.23534740073349,0
-1.10829234908383,-0.770161780096341,2.7593091732643,0.0898095159736813,-0.171879460439457,0
-0.931571904607774,0.614814101066143,1.87448693616375,0.53646499526855,0.832747706092403,0
1.05277816738228,-0.128503479533595,0.545900391489858,0.533815449732759,-0.71261397689325,0
-1.40269017872124,1.73544149459288,1.27109785439825,-0.198567584382338,-0.214255506877126,0
-0.197642794447037,0.621120457348622,2.24108643895856,3.24302734134221,-0.0866453763532072,0
-1.80779353321176,1.2098684540726,0.397865185575986,-2.63354944528467,0.620654034749043,0
0.888447712914739,-0.629868071746263,1.34422045703668,0.715794866552455,-1.44911497287849,0
-1.40683785330273,0.996384106864053,1.88624364830818,-0.126791590793546,-0.049196710707108,0
1.03826115397494,-0.3014148540157,0.910166866391778,0.86387191254094,-0.741702147357194,0
-0.290389366910533,-0.315749892398908,1.36542539557344,-1.00831100058556,-0.581262528563107,0
-4.13021888038491,3.79424887744338,-1.9288314633357,0.0480610784686459,-2.53234550507731,0
-1.5087128091014,0.731305239252013,2.11371736096056,0.0670233817026012,-0.413713117681184,0
1.16224084823649,-0.294348089558047,0.568069671696178,-0.0439519967865361,-0.742352175350061,0
1.12591045117615,-0.287397809842971,0.779265402970773,0.82638422308192,-0.807976883655944,0
0.965433630436707,-0.559999480993484,-0.0240121441478142,0.793299315633852,-0.416332275236067,0
-0.968413694567017,0.210690439390815,2.68716550025953,1.19865410868397,-0.105465722839156,0
0.953324387282208,-1.52900310202754,1.03539284733185,-0.972054128185417,-1.94016283097588,0
1.17611548682003,0.703280803275356,0.0878185414574001,2.43700402797468,0.405932643621284,0
1.21774239133753,0.156004986167052,0.406422798987269,1.45405274491106,-0.474415742305753,0
1.39541975016219,-0.269139369583944,-0.0718220081684524,-0.247354072432732,-0.554783753916564,0
-4.70107431737014,4.2087074761228,-2.40393985976979,0.03647289779027,-2.9034808931619,0
1.12102817333862,-0.626310530655786,0.10512334158736,0.634477409568754,1.21979861881114,0
-1.10929718137564,1.32354679790188,1.01741127639379,-1.20205075616133,0.405516369225402,0
-1.45382376333459,0.220072367966537,2.07725875577084,-1.14868991573967,-0.59335331665044,0
1.32613193935532,0.260298290814523,-0.134932292779781,0.466123210435221,0.0365768893160805,0
-1.08475367170315,0.495541947031431,1.17066771622353,0.537479054868058,1.36647938570602,0
1.25651995980944,0.338218590292981,0.299210675417167,0.694383718740805,-0.38901847224772,0
1.22194204736868,0.284236103955153,0.655659572847237,0.697635989368564,-0.584814363906884,0
-1.38909785334835,1.10898710935422,1.1379445605022,0.0648405343049458,-0.382322813641902,0
1.16265029471525,-0.0591011544689201,0.625173422122357,0.946211407203062,-0.825452292985109,0
1.14024720457692,0.0200353004847291,-0.271886656315165,0.727193656606345,0.430336344116014,0
-0.667663852049861,1.34377718816193,1.3134595160542,0.520481692019338,-0.225132194972815,0
-1.15712322834598,-0.563688465891064,1.05527147600282,-1.86211609034346,-0.284728464838043,0
1.31581836095203,0.407945335713479,-0.0238684571195363,0.486155277115729,0.13154636811031,0
-0.986718937688705,1.19304627766033,0.687745311704098,-0.59392549658512,-0.557397894405695,0
-1.05893094169224,0.114078302542468,1.48533698377662,0.534704045929216,0.75427455152201,0
-5.27395223265643,4.62114919038975,-2.8844864094412,0.0257410243676089,-3.28832846026092,0
-2.44059009835136,1.76368505271113,0.661409023520955,-0.786777547977721,-0.213645103275189,0
-0.282988727369893,0.738037094929483,1.2977358294878,-0.0616513753106633,0.377362215857969,0
-0.741691344063167,0.310544256786708,1.95779192553876,-1.8119590747416,-0.657035725375417,0
1.09204609934923,-0.257598647488514,0.32782794927378,0.70977720881208,-0.499339363148762,0
1.14185580013693,0.300579701962096,0.384829545454779,1.20533101448824,-0.0803547761060352,0
-1.5382750272919,0.651405426881806,1.2627891122228,-0.0903701940141936,1.03641090005073,0
0.958429755945791,-0.29704050383181,0.395138327117925,0.532289082425122,0.237415085473595,0
0.962157484411841,0.660078704813587,-0.179635438502127,0.733511506095889,0.630848774957378,0
-0.220314141180173,1.37150340112533,0.0398428436563433,0.607252478745561,0.524369305230556,0
-3.08851051760036,-3.18237397911695,1.41186487305015,1.92772721142417,2.84395386600712,0
-0.931199754215451,1.22763762032098,2.08412267545577,1.37963658399049,0.188802705044044,0
1.16198050978969,-0.677454449872187,1.24093929359058,1.05326326491704,-1.18449427027933,0
1.13488032526362,-0.214241013658126,0.528744319834015,1.32883665101411,-0.426470578644782,0
-2.22652113753774,1.36169250988957,2.02526041765197,0.823238297052229,0.244459304919439,0
-3.05552900421732,-0.557339751544096,2.14468893744325,3.28965569641116,0.273454490844435,0
-2.8295224813551,-3.02737937316447,1.26068126024755,-0.46705790226302,0.192918085993478,0
-1.74094257417712,0.328032781619751,1.35131141951723,-1.84399086722678,-0.993855889306543,0
-0.916847929316958,1.47181175683389,0.742994996265629,-0.131084364868734,0.518565998984859,0
1.04200443152728,-0.905563591690736,0.271573188653168,-0.226902386968342,-0.299176809991598,0
-0.748599131198015,-0.242763272947212,2.44513002041256,0.730348290749695,-1.73523512696907,0
-0.69137531044454,0.348838490311394,1.79288269621384,-0.178102436865768,1.05795741939103,0
1.20409116812636,0.212923818524779,0.0817164280851215,0.536408725456064,-0.169459801386827,0
1.18956272107068,0.229975209704875,0.625193322940677,0.552512011320657,-0.470362028905313,0
-0.246746120510218,0.578951308452788,1.7000439925404,0.040057446691563,0.307163631706093,0
-0.869610992513175,0.337734233537653,2.04788910515271,1.12033466831663,0.93180417987502,0
1.25877773894767,-0.0593127600677721,0.314051844892437,-0.111066733043089,-0.503006121388045,0
1.2958412913201,-0.165525755657903,-0.867118203130414,-0.524866675338844,1.81571287719259,0
1.2091474336684,-0.182076057118812,0.314686491117548,1.24041913757536,0.0127235127458373,0
-0.440731935143551,1.03281492874335,1.36783176186282,-0.0551922552056508,0.156300647298876,0
-1.77083129029365,0.0344377409325723,2.29896868263854,1.34636977667202,-0.148114474864263,0
-0.618515262846149,0.713332592536522,2.16278560347555,4.86112928317014,0.802696571396345,0
-1.0192639897003,1.09949537597424,1.44409336737995,-0.63152169375038,0.132875415588845,0
-0.833568321319693,0.606174187718198,-0.0513290997439712,-2.09144689103848,0.968764271043943,0
-0.878153023841696,-0.225124663527461,1.92806244834201,-2.62167116146723,0.051866281395096,0
-1.50301117044896,-1.38618909232631,2.33916826667517,1.71497905538828,1.66607340376107,0
1.23999385117508,0.687839921054753,-0.231326198561047,1.30950922187893,0.0509554070907684,0
-1.49411004259225,0.392310026195364,1.66133790233816,-2.4575063197224,-0.671277423015435,0
-1.78983472305473,-5.83576783768725,-1.47279098839784,-0.851159581840409,-2.4338754009378,0
1.18432052513528,0.203604410747404,0.380184857537774,0.642172653642393,-0.521686628268884,0
-0.338896419525446,0.817547479719433,1.92194190400153,1.08557343520185,-0.0581204296684592,0
-2.25941424816571,0.593684812125683,0.414722893699918,-0.699410999321661,-0.530185018858281,0
-3.01585764746315,0.721315813119919,0.126189889027236,-0.627188238673102,0.0378206457368422,0
-0.173458638177447,0.916956698346682,0.843566608132239,0.0808536154266219,0.658335098139688,0
-0.907287251838834,1.38563371782326,0.39807664288361,-0.699605425268768,1.11569726714206,0
0.935576953244806,-0.709151791104999,1.13682667101511,0.360606961592448,-1.23798072043172,0
1.2963540145627,-0.283765748116374,-0.321344251674611,-1.82501690489863,0.0715938771668208,0
0.944905087562947,-0.279692152749975,0.685834275349,1.60416451777643,-0.720879553548539,0
-0.115946207818814,0.757044192583538,1.73374582991429,0.270059390976035,-0.517368911345004,0
-2.80143468201033,-0.191527945410476,2.40673621632812,1.22199424976666,0.615015284525925,0
1.2708346751146,-0.839492902074566,0.407856971783426,-0.388278583455331,-1.27981253424152,0
1.3947016226159,-0.412555181479424,0.154000598574183,-1.73275846308374,-0.539420695103655,0
1.15441765942069,0.261619037065338,0.423472644287704,1.39016694492049,-0.0699826376445415,0
-0.794271369075471,0.97130492783698,0.94331931123713,-0.0437219997192946,-0.258737472389271,0
-0.402285992460897,0.517240291933327,-0.16176177675405,-0.961985783055812,2.29241146284293,0
0.216343575258568,0.663182371945179,1.3035204929848,0.169218968089031,-0.404266108775601,0
-0.995087876930812,0.700493567711302,1.18187664716757,-2.61302069707605,-0.412335304198676,0
-1.87414236290575,2.30886052896075,0.135440175311553,0.456605878192993,0.163187096031537,0
-0.274618751726335,0.70539758335038,1.87576070230689,0.301979464704114,0.0428335881050858,0
-1.16018675107605,0.759387396480204,1.43124952576888,-0.311891061279991,0.877678630181665,0
-0.998793422836606,0.63756618483475,1.68131083989945,-1.32067661077376,-0.357612762264139,0
-0.257283498950894,0.567975687019833,1.88710875679774,-0.256653524459155,0.0626954232962963,0
-1.613770172724,1.02251737278211,2.16859317554192,1.40501998935689,-0.577408214395707,0
1.23804465576309,0.240100681227247,0.171455719029456,0.506074759156489,-0.221120051586911,0
-0.347674406356079,0.532592345834833,-0.0819803843694139,0.176924677501958,2.40705334142128,0
1.23269177541969,-0.532368425212161,0.581276233829574,-1.64031750687235,-0.877592422736301,0
-0.719064773736543,0.638953749687724,0.686334858819506,-0.02323958926927,2.31789038851367,0
1.31718053262761,-0.0411915291129267,0.0318460300945489,-0.374863011521692,-0.181220215246425,0
-1.15709772412703,0.580680323978565,1.60915228242296,-2.52057974086466,-0.750507031831322,0
-0.883675575304952,1.10810484117811,0.616161203805343,-0.0426575320577816,-0.0113608892342126,0
-0.371028152944355,0.163147573346284,2.73139235697063,0.731216526944114,-0.3213036163997,0
1.42833236307767,-0.570801851065935,0.317914889262589,-0.76892771857887,-0.987847692617655,0
-0.548000856606609,0.147456038028675,1.55605549239868,0.323553072128159,1.01277814204995,0
-0.443820817670056,0.0707816716091211,2.03854571991569,-1.51541734642373,-0.133100690645335,0
-0.722725685249494,-0.151058535284702,1.92347905493893,-1.32169729822945,-0.409026720734985,0
1.19481237472078,-0.0881612197826074,0.487398533888274,0.872865025709538,-0.712495127127175,0
-1.66552053193378,0.458385639425039,1.75327378887884,-2.20043844693394,-1.0010959398736,0
-0.66825713772702,1.13996896142026,0.835532994948187,0.969317031725346,-0.397593456230065,0
1.12087185113553,0.14242523821791,0.782353644570514,1.51749536242262,-0.451664556090407,0
0.658816030856571,-1.25582332873654,0.746189540718035,0.194524119848031,-1.25706461278356,0
1.14369713907476,0.0966290049564852,0.631883160394261,1.44360268316665,-0.333018374631584,0
1.11009760128006,0.0479320203866978,1.09608596660986,1.61931671898857,-0.639999374471075,0
0.874197580120544,-1.15305336529803,0.591410048169024,0.571892105370063,-1.24491355371981,0
-1.16983031134796,1.56749531197338,0.629341771048687,-0.418430958528758,0.531247713816883,0
1.12433698967815,-0.548114894641292,1.07429605182819,0.291982806900708,-1.30170765188909,0
1.11137397455072,-0.31696844833799,0.967230192269808,0.77821157057906,-0.83951652476199,0
1.35005863903574,-0.610453153251428,0.0828395642492304,-1.76265485757095,-0.536579816649486,0
1.14902481988994,-0.586115804951528,0.937066233734572,0.560352524157105,-1.36351097344991,0
-0.766197356212119,1.19536337875381,1.05604225623861,1.34719258829917,-0.230789356861229,0
1.23664620272336,0.306498656550135,0.190288499262265,0.497587339281147,-0.136113375069999,0
-1.03973086051098,0.502595595939298,1.11071561284262,-2.64291709156326,-0.409494425744507,0
1.25862318792543,-0.0595681461367488,0.313962140141927,-0.111001748434279,-0.503085021114385,0
1.09726294465656,-0.140569128817223,0.74326396269118,0.0606784438911007,-0.787409534171078,0
1.33087573065664,-0.241449686424563,-0.139077971666209,-0.562308918483071,0.0088558430842117,0
-1.10347715032214,0.884662139102542,1.26371512592205,0.0138296479927551,0.0022557150293481,0
1.14738017450537,-0.382257478983073,1.13552198366418,0.119208924816804,-1.00361459575882,0
1.20903257188182,0.0082995428668181,0.513061732452617,0.854926046510439,-0.608164318085784,0
-1.47821010244069,1.50900357485393,0.144307095577193,-0.0454946811727108,-0.326043844562469,0
-0.312138149054465,0.505150760377493,1.14214183993314,-1.04456656205918,-0.614836670396563,0
-1.13478622190812,0.21201376151888,0.145122439298362,-1.94592308778496,1.34002582482723,0
-0.648437676021913,0.68748795261096,0.816516718539552,-0.0756621821782644,0.318651013641962,0
-0.180274985909642,0.34606093753978,1.08007682215586,0.31403416093969,0.699600227932797,0
-1.24685277185499,0.577701703273181,1.7903940568199,0.62152785854178,0.847138497859079,0
-0.590525678546258,0.756029651730531,1.62053738756828,-0.10964488435275,0.0624811351635902,0
1.20584555346698,0.172719816786574,-0.643274255712371,1.51471175947139,2.16204397306917,0
1.22967592614748,-0.191670102282462,0.317611242019563,1.23985774272717,-0.0371303689495394,0
0.105486746498028,0.958258273899267,0.32645556254533,0.853405333011128,1.14956117043362,0
-0.560555867925103,0.971553788032207,1.77774828792826,-0.317295691101412,0.486242237423767,0
1.40802734147442,-0.33186682634897,-0.313791073511985,-0.849112282912863,-0.36162104365351,0
-0.431349344181742,1.0276943686964,2.67081622589653,2.08478703855765,-0.274567345715511,0
1.27718464888561,-0.208930040213463,-1.06671575069956,-0.332638818498292,1.96014137138572,0
1.34153371928366,-0.066799009110888,-0.118841192855094,-0.455025178098701,-0.0305007053513142,0
-0.359578573430336,1.02787648098221,1.25804485308151,0.0792724204227818,-0.0948232554834543,0
-0.586124743332143,0.575229380892446,2.24351085752192,0.383733213629503,-0.540452136122008,0
1.17474814289013,0.21406563175523,0.349599464330007,0.92134222041131,-0.160509867826635,0
1.17670542879412,0.214079534196714,0.523249553465646,0.445982060759669,-0.160030308123905,0
1.09082009254835,-0.167030692747928,0.350138543980014,0.695739968349186,-0.378402384174131,0
-1.28853462724849,0.34098462357224,-0.0773592696674958,0.131838217875153,1.88366144684762,0
-2.32174110764027,1.98013762715689,1.51156897436195,0.726999289592299,0.222084575117256,0
-0.417880767642227,0.713746726384339,1.1193750760223,-0.163816950799559,0.384230965492425,0
1.27989583199011,0.1517466282412,0.27845022441148,0.518439496388314,-0.320208519927847,0
0.325401009632497,-2.50986537245074,0.614650994268659,-0.174644707409684,-1.74726836956461,0
-1.31346430915753,1.46209016682234,-0.152403338745107,-1.60142376831487,2.99000545813441,0
-0.511084431466201,0.272985886029437,1.51388671942439,-0.42139082635607,-0.204490114097053,0
1.13092193902582,0.246742835850352,0.554944741910484,0.996969328078252,-0.229633530167293,0
-3.56331118360203,3.03082952341598,1.01881051535227,-2.4350066159055,-0.0509601539452373,0
-0.995277473663969,1.3761868245215,2.49265967081968,2.83967404802601,-0.485869902269015,0
-1.13341331028893,-0.0188609435497727,1.3432414511719,2.01704229371976,-3.02023978415561,0
1.18977718924676,-0.922777381580556,0.309246148376993,-0.823732452733373,-0.953511567322811,0
1.16911745724664,-2.01964603824559,1.50281141626919,-0.664842149461255,-2.64152244406894,0
-2.24056572191529,0.466023038292295,1.56613613736799,1.15848966777267,-1.62013465563869,0
-0.534912930646031,0.550683624556609,4.01756141829354,3.25490375515251,-0.919558650379071,0
-0.393673330891467,1.03088926864734,1.29553741753417,-0.0459166367696674,0.0260693820466858,0
-0.484765915667271,0.871049284125748,0.0124548316871759,-1.3013655315084,2.5232282142097,0
-0.945643150917264,0.809179798181143,1.82057620102114,-0.494431533488855,0.493423276894544,0
-0.837126354398089,0.826758865592969,2.51023567423443,1.44509291321896,-0.337731229798627,0
1.29090614868327,0.139286035237072,-0.445588342975989,0.13095910128326,0.630238069708655,0
-3.45766642972427,-2.95879553522009,1.39751549529117,-0.395490031184213,-0.186258719717607,0
1.12691551061923,0.0835575345021616,0.404825467857869,1.28492396851815,-0.186917630679554,0
1.22552063988694,0.205458625261671,0.45640396539633,1.35721142889232,-0.165947934730766,0
1.21517554116477,0.337917172438359,0.287223888247558,0.638964348159176,-0.148268610724532,0
-0.733903778759373,0.767840538500385,1.85442813753833,-0.577618237078567,0.324298653251735,0
-2.27143939148878,0.825718399902319,1.38431315044361,-0.118107253454258,-1.07090807948914,0
-2.64739717619895,2.24506913430805,2.36967266441333,2.29344820355944,-0.844089791101675,0
-1.2473229594271,0.67203152678912,3.5365273197462,3.29350875568795,-0.79691901161347,0
1.4448368333663,-1.24531199183816,0.776082264488202,-1.49172687133361,-1.76542488448976,0
-2.14553083721587,0.583445706027504,1.23902261095864,0.322204092900045,0.674411001276486,0
-0.308846893327012,0.105384024074842,1.10197539933843,-1.8974475449435,-0.201232229304146,0
0.828410345527949,-1.01553866243325,0.494972876660827,0.132271564651977,-0.637767978165018,0
1.18274228967645,0.235350890141543,0.389091051885654,0.638298543667329,-0.479632032203991,0
0.944362376346842,-1.73183214085906,-0.130577622277333,-1.17227545448322,-1.54140224810759,0
-1.46049422048959,1.07225615619664,1.52562077195328,0.122963804486616,-0.874789814091676,0
-1.64497897994548,1.18516927230571,0.846529621675449,-1.1743746250211,1.84544230155553,0
1.30443715241464,-0.709850808170666,-0.112404520146688,-2.2079116498656,-0.355303884968257,0
-1.63821190706849,0.3950443085045,1.48721008808823,-0.536682402011494,1.69199254715541,0
1.00373589679205,-0.124485796298725,0.550523700323443,0.707663000923342,0.114723687894491,0
-0.992814103888389,0.536905932203853,2.95697257156551,-0.607305662693836,-0.093233476145699,0
-0.936393716348959,0.138919577612314,1.30300081417172,1.15390799801156,0.634500462154258,0
0.846466272374581,-0.648164825216679,0.909723124637937,1.27892099596901,-0.848055163301559,0
-3.5900235269187,-2.61234657354237,2.32292004834584,-1.8396666403005,2.87683468746746,0
1.19949919158475,0.258132867249,0.397413942970837,0.631900955685682,-0.477200378770753,0
1.2884485862491,-0.613353206571253,0.347904425437894,-0.753704354512281,-0.958265258417394,0
1.14914083666976,0.124643446793311,0.380289110389312,1.40700399764942,-0.226644136806659,0
1.09498678143194,-0.162971896707234,0.497778953511949,0.711233710723558,-0.791206823857223,0
0.658270771820729,-0.992785323565267,-0.352719370113946,0.0834428933261791,-0.585162759898257,0
-1.61543872085496,0.403427877778739,1.98810129170351,-3.42119485879679,0.213596316862984,0
1.17861006037033,0.203177363194145,0.584158771234732,0.712157891770319,-0.507372746803523,0
1.28461191181462,0.303072684446592,-0.0679087876870497,0.93068439945371,0.117387094267231,0
-0.654892250964595,0.608319162188241,1.58510173965611,-3.00942924085916,0.037592712479637,0
-2.10117149144242,-0.22736543911413,1.62466810426394,-0.291122571089436,1.90244618375699,0
-1.24816321038478,0.315246348770224,3.70893465260051,0.687279870972848,-0.873070841625969,0
1.37413406319621,-1.76721036677041,-0.43335216226745,-2.22955241188067,0.331134992201802,0
-2.49743643182682,1.40276910613199,0.184840038568213,-2.50411656955738,-0.111803360992286,0
